"CODMUNDV";"Zona";"LAT";"LONG";"NOME_MUNIC";"NOME_UF";"UF";"REG";"CENTR";"RM";"MUN_HIS_TUR";"POP_2010";"POP_URB_10";"POP_2015";"POP_2016";"TXC_POP_10_16";"AREA";"DENS_2016";"PREF_12";"PART_12";"PREF_16";"PART_16";"ANTEN_TOTAL";"AREA_URB";"PIB";"PIB_PER_CAP";"PRIN_ATIVIDADE";"REC_TOTAL";"REC_PROP";"Perc.receitpropria";"DESP_TCU";"RENDA";"VEIC_2016";"AUTO_2016";"MOTO_2016";"VEIC_2010";"AUTO_2010";"MOTO_2010";"TXC_AUTO_10_16";"TXC_MOTO_10_16";"ACESS";"PAV";"CAL";"ARB";"LOGR";"TX_ACID_TRAN";"IDH";"PD";"PD_ANO";"PDMU";"VEIC_HAB";"MOTO_HAB";"AUTO_HAB"
3508405;801;-23,25231811;-47,05405879;"Cabreúva";"SÃO PAULO";"SP";"Sudeste";"";"AUJ";0;41604;"85%";46528;47210;0,028359168;260,2;181,4373559;"HENRIQUE MARTIN";"PDT";"HENRIQUE MARTIN";"PDT";26;13,05;3595664,115;79705,26945;"Serviços";197628015,3;140792090,7;"0,712409576";"";755,2782258;25465;18172;5090;15373;10532;3331;0,115265777;0,088500493;0,029029414;"56%";0,472264083;0,629812486;0,549903969;"28,36569932";0,738;"Sim";"2004";"Sim";0,53939843253548;0,107816140648168;0,384918449481042
3509601;802;-23,20399042;-46,78098845;"Campo Limpo Paulista";"SÃO PAULO";"SP";"Sudeste";"";"AUJ";0;74074;"100%";80847;81693;0,02211445;79,6;1026,29397;"JOSÉ ROBERTO DE ASSIS";"PR";"ROBERTO ANTONIO JAPIM DE ANDRADE";"PROS";17;29,35;1521942,717;19242,93178;"Serviços";182023815,9;90556036,85;"0,497495541";"";799,5939063;40935;30440;8296;27030;19691;5881;0,091026691;0,071231939;0,001563738;"80%";0,680565361;0,741256154;0,844853707;"20,00450101";0,769;"Sim";"2006";"Não";0,50108332415262;0,101550928476124;0,372614544697832
3524006;803;-23,15132279;-47,03834903;"Itupeva";"SÃO PAULO";"SP";"Sudeste";"";"AUJ";1;44859;"87%";54128;55596;0,048076777;200,7;277,0104634;"RICARDO ALEXANDRE DE ALMEIDA BOCALON";"PT";"MARCO ANTONIO MARCHI";"PSD";20;25,15;3102671,382;60739,03493;"Serviços";211965110,9;142825306,3;"0,673815166";"Não informado";1071,375098;31777;22635;5532;18110;12760;3427;0,121465622;0,100509038;0,00205559;"74%";0,530150894;0,772238776;0,711909652;"26,6023144";0,762;"Sim";"2004";"Não";0,5715698971149;0,0995035614072955;0,407133606734297
3525201;804;-23,08767117;-46,71500241;"Jarinu";"SÃO PAULO";"SP";"Sudeste";"Centro Local";"AUJ";0;23847;"77%";27473;28012;0,036019867;207,6;134,9325626;"VICENTE CANDIDO TEIXEIRA FILHO";"PSB";"ELIANE LORENCINI CAMARGO";"DEM";23;0;1188119,582;45084,79423;"Serviços";100495018,4;59994831,95;"0,596993094";"Não informado";775,525;16443;11314;3733;9266;6109;2291;0,131173467;0,102571037;0,005791428;"14%";0,09594168;0,401684271;0,33143766;"33,4311504";0,733;"Sim";"2006";"Sim";0,586998429244609;0,133264315293446;0,403898329287448
3525904;800;-23,19670713;-46,88460968;"Jundiaí";"SÃO PAULO";"SP";"Sudeste";"Centro de Zona A";"AUJ";1;370126;"96%";401896;405740;0,020800849;431,5;940,3012746;"PEDRO ANTONIO BIGARDI";"PC do B";"LUIZ FERNANDO ARANTES MACHADO";"PSDB";217;269,46;36622896,04;92970,39003;"Serviços";1779321580;1465989339;"0,823903535";"11817400,04";1381,62247;299013;224535;49102;227292;171146;39557;0,055804379;0,04417951;0,058175956;"81%";0,797428535;0,706909365;0,796538569;"18,59460003";0,822;"Sim";"2012";"Não";0,736957164686745;0,121018386158624;0,553396263617095
3527306;805;-23,08580262;-46,95214556;"Louveira";"SÃO PAULO";"SP";"Sudeste";"";"AUJ";0;37125;"96%";43862;44904;0,042570644;55,1;814,9546279;"NICOLAU FINAMORE JUNIOR";"PTB";"NICOLAU FINAMORE JUNIOR";"PTB";21;8,12;11598657,17;278145,2558;"Serviços";483503614,6;428455191,6;"0,886146822";"Não informado";980,4040385;26630;17959;6413;16767;11018;4134;0,102645416;0,09178759;0,002916931;"55%";0,502469959;0,416579253;0,601182752;"28,04000374";0,777;"Sim";"2013";"Sim";0,593042936041333;0,14281578478532;0,399942098699448
3556503;806;-23,21458428;-46,83991682;"Várzea Paulista";"SÃO PAULO";"SP";"Sudeste";"";"AUJ";0;107089;"100%";116601;117772;0,02150231;34,8;3384,252874;"JUVENAL ROSSI";"PV";"JUVENAL ROSSI";"PV";23;25,25;2368422,855;20744,70399;"Indústria";248250788,3;143279346,9;"0,577155657";"Não informado";678,7191477;60960;42832;14080;40769;28154;10059;0,087541027;0,069570877;0,005005523;"78%";0,742662652;0,735837025;0,537890101;"13,8644576";0,759;"Sim";"2006";"Sim";0,517610297863669;0,119553034677173;0,363685765716809
3500600;701;-22,59996454;-47,87609451;"Águas De São Pedro";"SÃO PAULO";"SP";"Sudeste";"Centro Local";"AUP";1;2707;"100%";3139;3205;0,037709434;5,4;593,5185185;"PAULO CESAR BORGES";"PSDB";"PAULO SERGIO BARBOZA DE LIMA";"PSDB";5;0;97021,15709;32297,3226;"Serviços";25604316,18;12011541,96;"0,469121764";"";1536,731429;2369;1875;319;1597;1260;233;0,082744897;0,064846364;0,018180407;"97%";0,933011829;0,978422975;0,88950826;"Sem informação";0,854;"Não";"-";"Não";0,739157566302652;0,0995319812792512;0,585023400936037
3502002;702;-22,12937534;-47,65763069;"Analândia";"SÃO PAULO";"SP";"Sudeste";"Centro Local";"AUP";1;4293;"79%";4731;4789;0,024585051;326,3;14,6766779;"ROGERIO LUIZ BARBOSA ULSON";"PMDB";"JAIRO APARECIDO MASCIA";"PMDB";6;0;133531,7985;28953,12196;"Indústria";28024227,35;13257270,48;"0,473064621";"";867,5292308;2122;1553;297;1457;1093;199;0,072778988;0,083379652;0,002136752;"48%";0,304290514;0,607274438;0,457142558;"Sem informação";0,754;"Sim";"2006";"Sem informação";0,443098768010023;0,0620171225725621;0,324284819377741
3503307;703;-22,36939257;-47,38881139;"Araras";"SÃO PAULO";"SP";"Sudeste";"Centro Subregional B";"AUP";1;118843;"95%";128895;130102;0,020506126;644,8;201,7710918;"NELSON DIMAS BRAMBILLA";"PT";"PEDRO ELISEU FILHO";"PSDB";48;26,84;4242641,856;33567,59466;"Serviços";450806309,4;311225368,8;"0,690374918";"";928,3144571;91675;57696;27563;67807;42932;20198;0,060896256;0,064151897;0,002996215;"88%";0,815798643;0,744611185;0,75078684;"18,79979007";0,781;"Sim";"1972";"Não";0,704639436749627;0,21185685077862;0,443467433244685
3510401;704;-22,99575478;-47,50964765;"Capivari";"SÃO PAULO";"SP";"Sudeste";"Centro de Zona B";"AUP";1;48576;"94%";53152;53731;0,022761721;322,7;166,5044933;"RODRIGO ABDALA PROENÇA";"PPS";"RODRIGO ABDALA PROENÇA";"PSDB";20;0;1527992,814;29413,32489;"Serviços";185501142,4;110296061,1;"0,594584269";"";790,1637662;31749;22434;6500;22716;16108;4364;0,068496291;0,082943311;0,009303152;"62%";0,615205638;0,645059173;0,344800602;"20,9288609";0,75;"Sim";"2006";"Sim";0,590887941784073;0,120972995105247;0,417524334183246
3511706;705;-22,51207868;-47,77350108;"Charqueada";"SÃO PAULO";"SP";"Sudeste";"Centro Local";"AUP";0;15085;"91%";16440;16608;0,021737009;175,8;94,47098976;"JOSÉ HENRIQUE PIAZZA";"PT";"ROMEU ANTONIO VERDI";"PSDB";7;0;237903,0387;14783,93231;"Serviços";42562637,39;15257743,62;"0,358477401";"";711,0668966;8239;5973;1331;5830;4233;874;0,071294436;0,087760601;0,000821018;"59%";0,466162523;0,488664737;0,48257075;"12,29407426";0,736;"Não";"-";"Sem informação";0,496086223506744;0,0801421001926782;0,359645953757225
3512209;706;-22,34158368;-47,17130612;"Conchal";"SÃO PAULO";"SP";"Sudeste";"Centro Local";"AUP";0;25229;"94%";27132;27345;0,01834619;182,8;149,5897155;"VALDECI APARECIDO LOURENÇO";"DEM";"LUIZ VANDERLEI MAGNUSSON";"PSDB";9;0;499992,4622;18734,02758;"Serviços";86980925,98;44707827,52;"0,513995764";"";609,9075;15862;10273;3660;10143;6450;2315;0,097558089;0,095938082;0,00354302;"81%";0,759354934;0,836007268;0,537044009;"22,29323029";0,708;"Sim";"2006";"Não";0,580069482537941;0,133845309928689;0,375681111720607
3512407;707;-22,48228343;-47,45899574;"Cordeirópolis";"SÃO PAULO";"SP";"Sudeste";"Centro Local";"AUP";0;21080;"90%";23234;23517;0,024621217;137,6;170,9084302;"AMARILDO ANTONIO ZORZO";"PV";"JOSE ADINAN ORTOLAN";"PMDB";10;0;2274596,54;100432,5565;"Serviços";127761641,5;90983568,11;"0,712135247";"";812,9913333;14473;10145;2709;10463;7266;2037;0,069033541;0,058677286;0,143653747;"69%";0,668122775;0,686490892;0,601580627;"26,14948791";0,758;"Sim";"2011";"Não";0,615427137815198;0,115193264446996;0,43139005825573
3512704;708;-22,224058;-47,61525523;"Corumbataí";"SÃO PAULO";"SP";"Sudeste";"Centro Local";"AUP";0;3874;"54%";4036;4045;0,010294259;278,6;14,51902369;"VICENTE RIGITANO";"PTB";"LEANDRO MARTINEZ";"DEM";10;0;143503,1887;35715,07933;"Serviços";22802041,44;10931747,09;"0,479419666";"";786,8811111;2358;1612;402;1694;1133;313;0,07306746;0,05132343;NA;"41%";0,324004429;0,413788543;0,335451295;"24,83238143";0,754;"Não";"-";"Sem informação";0,582941903584672;0,0993819530284302;0,398516687268232
3514908;709;-23,04243399;-47,375238;"Elias Fausto";"SÃO PAULO";"SP";"Sudeste";"Centro Local";"AUP";0;15775;"80%";17085;17241;0,020143822;202,7;85,05673409;"LAERCIO BETARELLI";"PSDB";"MAURICIO BARONI BERNARDINETTI";"PMDB";10;0;478003,3707;28517,08452;"Serviços";59199452,83;23468595,81;"0,396432647";"";693,0246667;6943;4586;1630;4100;2574;972;0,122445082;0,108930345;0,018302081;"54%";0,52696541;0,572131013;0,632468259;"17,72421127";0,695;"Sim";"2013";"Não";0,402702859462908;0,0945420799257584;0,265993851864741
3521101;710;-22,43461105;-47,70861366;"Ipeúna";"SÃO PAULO";"SP";"Sudeste";"Centro Local";"AUP";0;6016;"86%";6914;7047;0,035393387;190;37,08947368;"ILDEBRAN PRATA";"PP";"JOSE ANTONIO DE CAMPOS";"PSD";5;0;547415,0176;82466,86013;"Indústria";27847693,7;14554846,59;"0,522658959";"Não informado";865,1025;3623;2590;603;2284;1621;376;0,098255406;0,099071366;0,005412824;"66%";0,434954989;0,589285844;0,578930272;"14,75361464";0,753;"Não";"-";"Sem informação";0,514119483468143;0,0855683269476373;0,367532283241095
3521408;711;-22,57431763;-47,51295824;"Iracemápolis";"SÃO PAULO";"SP";"Sudeste";"Centro Local";"AUP";0;20029;"98%";22557;22914;0,030161982;115,1;199,0790617;"VALMIR GONCALVES DE ALMEIDA";"PT";"FABIO FRANCISCO ZUZA";"PSDB";8;0;551598,517;25285,28613;"Serviços";63188605,23;33847856,11;"0,535663922";"Não informado";837,8878571;13748;9455;2753;9997;6730;2044;0,070358578;0,061365738;0,018776649;"88%";0,876482795;0,879667956;0,802689739;"13,51899419";0,776;"Não";"-";"Sim";0,599982543423235;0,120144889587152;0,412629833289692
3526407;712;-23,04739986;-47,83574003;"Laranjal Paulista";"SÃO PAULO";"SP";"Sudeste";"Centro Local";"AUP";1;25251;"90%";27384;27640;0,020480184;384;71,97916667;"HEITOR CAMARIN JUNIOR";"PT";"ALCIDES DE MOURA CAMPOS JUNIOR";"PTB";16;0;695439,6577;25898,02472;"Serviços";78448736,16;37271504,93;"0,475106506";"Não informado";761,0423077;15371;10933;2788;10769;7648;1983;0,074084115;0,070518091;0,011762933;"77%";0,758595793;0,679650226;0,41170036;"14,74817491";0,729;"Sim";"2006";"Sim";0,556114327062229;0,100868306801737;0,3955499276411
3526704;713;-22,19227641;-47,38285234;"Leme";"SÃO PAULO";"SP";"Sudeste";"Centro de Zona B";"AUP";0;91756;"98%";99388;100296;0,020175453;402,9;248,9352197;"PAULO ROBERTO BLASCKE";"PT";"WAGNER RICARDO ANTUNES FILHO";"PSD";18;0;2307965,348;23670,22561;"Serviços";299846138,7;182928320,2;"0,610073957";"Não informado";714,7338806;64010;38419;19981;45125;26792;14187;0,074751808;0,070891152;0,018975949;"90%";0,839712258;0,824263583;0,829603739;"17,26589478";0,744;"Sim";"1993";"Não";0,638210895748584;0,19922030788865;0,383056153784797
3526902;714;-22,57200022;-47,39344621;"Limeira";"SÃO PAULO";"SP";"Sudeste";"Centro Subregional A";"AUP";1;276022;"97%";296440;298701;0,018001169;581;514,1153184;"PAULO CEZAR JUNQUEIRA HADICH";"PSB";"MÁRIO CELSO BOTION";"PSD";130;56,77;10392186,2;35620,41969;"Serviços";934624606;673331937,6;"0,720430356";"17395165,28";918,8837223;196795;137983;43458;145547;101029;33357;0,064329025;0,054329966;0,023136525;"84%";0,82781613;0,789892225;0,8276785;"15,29946146";0,775;"Sim";"1998";"Não";0,658836093618702;0,145489971576928;0,461943548900071
3530904;715;-22,93152948;-47,56361015;"Mombuca";"SÃO PAULO";"SP";"Sudeste";"Centro Local";"AUP";0;3266;"82%";3441;3456;0,013134543;133,7;25,84891548;"MARIA RUTH BELLANGA DE OLIVEIRA";"PR";"MARIA RUTH BELLANGA DE OLIVEIRA";"PR";5;0;59970,70362;17581,56072;"Agropecuária";20111781,32;5115716,07;"0,254364146";"Não informado";699,1414286;1666;1193;278;1049;733;183;0,102319002;0,087223275;NA;"55%";0,534220323;0,474389531;0,109256974;"116,7542323";0,719;"Não";"-";"Não";0,482060185185185;0,0804398148148148;0,345196759259259
3538709;700;-22,72163855;-47,63445661;"Piracicaba";"SÃO PAULO";"SP";"Sudeste";"Capital Regional C";"AUP";1;364571;"98%";391449;394419;0,017942547;1376,9;286,454354;"GABRIEL FERRATO DOS SANTOS";"PSDB";"BARJAS NEGRI";"PSDB";198;78,81;20273704,33;52619,74664;"Serviços";1403085002;1056696711;"0,753123802";"2021605,78";1106,272895;277223;196407;57673;209698;149557;43614;0,056014894;0,057473091;0,025890551;"85%";0,829472022;0,820151934;0,784998543;"19,82431027";0,785;"Sim";"2006";"Sim";0,702864212930919;0,14622267182869;0,497965361709248
3542107;716;-23,01495616;-47,52620057;"Rafard";"SÃO PAULO";"SP";"Sudeste";"Centro Local";"AUP";0;8612;"88%";9004;9030;0,011190233;121,4;74,38220758;"ANTONIO CESAR RODRIGUES MOREIRA";"PMDB";"ILSON DONIZETE MAIA";"PSD";5;0;190029,162;21227,56502;"Indústria";36012912,69;19654495,89;"0,545762462";"Não informado";697,0516667;5099;3527;1067;3724;2523;796;0,06929526;0,060352514;0,00852934;"75%";0,740810974;0,745091595;0,57260998;"44,54839069";0,745;"Sim";"1972";"Sem informação";0,564673311184939;0,118161683277962;0,390586932447398
3543907;717;-22,4048158;-47,56493438;"Rio Claro";"SÃO PAULO";"SP";"Sudeste";"Centro Subregional A";"AUP";0;186253;"98%";199961;201473;0,017912637;498,7;403,9963906;"PALMINIO ALTIMARI FILHO";"PMDB";"JOAO TEIXEIRA JUNIOR";"DEM";56;38,42;7665018,599;38944,10962;"Serviços";712583606,7;507304126,7;"0,711922253";"Não informado";1004,806934;154592;92856;51615;115926;68737;39863;0,061998442;0,053031082;0,018491385;"91%";0,869937208;0,769731167;0,728479104;"20,66396859";0,803;"Sim";"1992";"Sim";0,767308770902305;0,25618817409777;0,460885577720092
3544004;718;-22,84181269;-47,6036682;"Rio Das Pedras";"SÃO PAULO";"SP";"Sudeste";"Centro Local";"AUP";0;29501;"97%";32982;33464;0,028276859;226,7;147,6135862;"JULIO CESAR BARROS AYRES";"PPS";"ANTONIO CARLOS DEFAVARI";"PSDB";9;0;1129909,766;35329,55305;"Serviços";92646364,54;47261072,57;"0,510123336";"Não informado";823,5832653;17728;12702;3194;12306;8687;2265;0,078947859;0,07115752;0,028138556;"85%";0,796060984;0,795196778;0,553069285;"30,7796485";0,759;"Sim";"2006";"Não";0,5297633277552;0,0954458522591441;0,379572077456371
3545159;719;-22,84512327;-47,67683207;"Saltinho";"SÃO PAULO";"SP";"Sudeste";"Centro Local";"AUP";0;7059;"83%";7818;7919;0,025860059;99,7;79,42828485;"CLAUDEMIR FRANCISCO TORINA";"PDT";"CARLOS ALBERTO LISI";"PSDB";5;0;178360,736;23446,92204;"Serviços";25913099,12;13143251,88;"0,50720494";"Não informado";927,709;4937;3696;533;3686;2750;416;0,060913202;0,050816239;0,042271269;"78%";0,772051565;0,749732691;0,34022653;"12,96344309";0,791;"Sim";"1995";"Sem informação";0,623437302689734;0,067306478090668;0,466725596666246
3546702;720;-22,45579877;-47,53249067;"Santa Gertrudes";"SÃO PAULO";"SP";"Sudeste";"Centro Local";"AUP";0;21634;"99%";24737;25192;0,03407622;98;257,0612245;"ROGERIO PASCON";"PTB";"ROGERIO PASCON";"PTB";5;0;1344571,097;56511,20486;"Indústria";93481642,81;52068038,44;"0,556986772";"Não informado";745,6775;14502;9071;4143;9670;6026;2727;0,085238539;0,087241345;0,010631827;"92%";0,850158566;0,881718872;0,817088751;"16,47989453";0,737;"Sim";"2002";"Não";0,575658939345824;0,164456970466815;0,360074626865672
3547007;721;-22,56456844;-48,15425653;"Santa Maria Da Serra";"SÃO PAULO";"SP";"Sudeste";"Centro Local";"AUP";0;5413;"88%";5902;5962;0,0218574;257,2;23,18040435;"JOSIAS ZANI NETO";"DEM";"NARCISO BENEDITO BISTAFA";"SD";5;0;135886,038;23525,9761;"Indústria";21064236,85;8095070,72;"0,384304011";"Não informado";609,497;3180;2216;349;2088;1410;235;0,094637013;0,082309606;0,013343718;"74%";0,711077209;0,728003531;0,747309613;"17,12328767";0,686;"Sim";"2008";"Não";0,533378061053338;0,0585374035558537;0,371687353237169
3550407;722;-22,54981932;-47,90393803;"São Pedro";"SÃO PAULO";"SP";"Sudeste";"Centro Local";"AUP";1;31662;"84%";34284;34595;0,020089519;611;56,6202946;"HELIO DONIZETE ZANATTA";"PPS";"HELIO DONIZETE ZANATTA";"PSD";13;0;502671,0715;14943,54811;"Serviços";110109342,5;53968249,69;"0,490133248";"Não informado";794,1455385;22077;15542;4767;15259;10704;3317;0,077437683;0,075226442;0,008205731;"60%";0,584118668;0,658362874;0,649476305;"20,60884414";0,755;"Sim";"2010";"Não";0,638155802861685;0,13779447897095;0,449255672785085
3504107;901;-23,12085811;-46,56484817;"Atibaia";"SÃO PAULO";"SP";"Sudeste";"";"MR Bragança";1;126603;"91%";137187;138449;0,020274989;478,4;289,4000836;"SAULO PEDROSO DE SOUZA";"PSD";"SAULO PEDROSO DE SOUZA";"PSB";93;101,34;4701014,214;34934,37629;"Serviços";422699175,4;290057674,1;"0,686203548";"";1021,743119;101223;69458;23521;69905;47041;17469;0,081058375;0,061298493;0,009877415;"44%";0,422889615;0,429900993;0,465030649;"29,43448986";0,765;"Sim";"2006";"Sim";0,731121207087086;0,169889273306416;0,501686541614602
3507100;902;-23,13284863;-46,46545454;"Bom Jesus Dos Perdões";"SÃO PAULO";"SP";"Sudeste";"";"MR Bragança";1;19708;"88%";23025;23530;0,039655059;107,6;218,6802974;"EDUARDO HENRIQUE MASSEI";"PV";"SERGIO FERREIRA";"PSDB";8;4,81;439637,6717;20005,35456;"Serviços";72822860,29;40814284,87;"0,560459788";"";884,3040426;13178;8852;3070;7910;5148;2008;0,114501285;0,088616552;0,00140056;"73%";0,726437315;0,841147432;0,586060953;"22,2143238";0,713;"Não";"-";"Não";0,560050998725032;0,130471738206545;0,376200594985125
3507605;900;-22,94946906;-46,53882126;"Bragança Paulista";"SÃO PAULO";"SP";"Sudeste";"Centro Subregional B";"MR Bragança";1;146744;"97%";160665;162435;0,022916612;512,6;316,8845103;"FERNÃO DIAS DA SILVA LEME";"PT";"JESUS ADIB ABI CHEDID";"DEM";70;29,81;4312883,156;27471,46824;"Serviços";437188130,8;268508688;"0,614171953";"";840,0309718;115051;75269;31890;80013;51901;22941;0,077179511;0,068091441;0,015178132;"64%";0,609480722;0,479559977;0,605349879;"21,40303168";0,776;"Sim";"1991";"Sim";0,708289469634007;0,196324683719642;0,463379197832979
3525508;903;-22,92949111;-46,2746977;"Joanópolis";"SÃO PAULO";"SP";"Sudeste";"Centro Local";"MR Bragança";1;11768;"100%";12725;12837;0,019738421;375,1;34,2228739;"ADAUTO BATISTA DE OLIVEIRA";"PT";"MAURO APARECIDO GARCIA BANHOS";"DEM";7;0;150060,3852;12012,51883;"Serviços";34336279,37;11525947,41;"0,335678403";"Não informado";761,8448;8731;5597;2393;5581;3590;1499;0,092879228;0,098065415;0,007019455;"52%";0,490778097;0,371563688;0,402568939;"23,79064235";0,699;"Não";"-";"Sem informação";0,680143335670328;0,186414271247176;0,436005297187816
3532405;904;-23,16587225;-46,39473721;"Nazaré Paulista";"SÃO PAULO";"SP";"Sudeste";"";"MR Bragança";1;16414;"85%";17794;17959;0,0203867;325,9;55,10586069;"JOAQUIM DA CRUZ JUNIOR";"PT";"CANDIDO MURILO PINHEIRO RAMOS";"PSDB";23;2,53;291184,007;16685,80637;"Serviços";45946115,92;18891313,13;"0,411162353";"Não informado";568,7761905;10672;6840;2592;6424;3915;1734;0,118059374;0,083720231;0,00044843;"25%";0,17515911;0,201703414;0,136744571;"11,34751773";0,678;"Sim";"2006";"Sem informação";0,594242441115875;0,144328748816749;0,380867531599755
3536802;905;-22,79679609;-46,44365116;"Pedra Bela";"SÃO PAULO";"SP";"Sudeste";"Centro Local";"MR Bragança";0;5780;"25%";6044;6062;0,011228158;158,6;38,22194199;"JORGE HIRODI ORITA";"DEM";"ALVARO JESIEL DE LIMA";"PSDB";5;0;63474,66679;10563,26623;"Serviços";17749648,18;5506522,67;"0,310232778";"Não informado";609,8082353;3536;2185;996;2126;1251;645;0,117992336;0,090786928;0,008304446;"13%";0,097490959;0,042323564;0,103236843;"33,18400531";0,677;"Sim";"2007";"Sem informação";0,583305839656879;0,164302210491587;0,360442098317387
3538204;906;-22,78379708;-46,59085815;"Pinhalzinho";"SÃO PAULO";"SP";"Sudeste";"Centro Local";"MR Bragança";1;13105;"49%";14423;14595;0,024246868;154,5;94,46601942;"ANDERSON LUIS PEREIRA";"PV";"BENEDITO LAURO DE LIMA";"DEM";10;0;203690,3072;14480,01047;"Serviços";34032519,07;11255273,73;"0,330721147";"Não informado";658,7246667;8262;5865;1596;5050;3420;1083;0,113905587;0,08063962;0,000621118;"34%";0,316950779;0,325169628;0,241385896;"35,09510774";0,725;"Não";"-";"Sem informação";0,566084275436793;0,109352517985612;0,401849948612539
3538600;907;-23,05287742;-46,35936002;"Piracaia";"SÃO PAULO";"SP";"Sudeste";"";"MR Bragança";1;25116;"100%";26688;26841;0,015292992;385;69,71688312;"TEREZINHA DAS GRAÇAS DA SILVEIRA PEÇANHA";"PSDB";"JOSE SILVINO CINTRA";"PSB";13;3,77;364053,3304;13805,06353;"Serviços";77195090,86;41064825,13;"0,531961614";"Não informado";683,6455556;16365;10398;4712;10359;6365;3169;0,103139107;0,082571547;0,001401337;"55%";0,489296952;0,211712568;0,372027306;"33,92130258";0,739;"Sim";"2007";"Não";0,609701575947245;0,175552326664431;0,387392422040908
3554953;908;-22,81704679;-46,69364694;"Tuiuti";"SÃO PAULO";"SP";"Sudeste";"Centro Local";"MR Bragança";0;5930;"50%";6533;6612;0,024505965;126,7;52,18626677;"JAIR FERNANDES GONÇALVES";"DEM";"JAIR FERNANDES GONÇALVES";"DEM";5;0;103316,5081;16221,77863;"Serviços";19660996,76;5823408,39;"0,296190903";"Não informado";651,1433333;2992;1966;769;1802;1079;548;0,12748926;0,070111808;0,012141071;"33%";0,284278712;0,144704377;0,254295516;"15,49907006";0,728;"Sim";"1996";"Sem informação";0,452510586811857;0,116303690260133;0,297338173018754
3556354;909;-22,89019059;-46,41447341;"Vargem";"SÃO PAULO";"SP";"Sudeste";"Centro Local";"MR Bragança";0;8801;"50%";9854;10000;0,02865593;142,8;70,0280112;"ALDO FRANCELINO MOYSES";"DEM";"SILAS MARQUES DA ROSA";"PSD";8;0;93817,51311;9823,823362;"Serviços";22203496,11;6790346,21;"0,305823289";"Não informado";642,56375;5379;3741;1076;3198;2159;647;0,116212838;0,10708661;0,001811594;"24%";0,221633453;0,244665356;0,250753827;"51,52514427";0,699;"Sim";"2000";"Sem informação";0,5379;0,1076;0,3741
3506359;301;-23,84144307;-46,13459722;"Bertioga";"SÃO PAULO";"SP";"Sudeste";"";"Baixada Santista";1;47645;"98%";56555;57942;0,04379069;490;118,2489796;"JOSE MAURO DEDEMO ORLANDINI";"DEM";"CAIO ARIAS MATHEUS";"PSDB";89;55,76;1519278,241;28303,02801;"Serviços";379195549,3;255449518,6;"0,673661701";"";932,1608247;21432;13236;6586;11576;6675;3972;0,146729797;0,106426317;0,025465113;"28%";0,526803578;0,648716211;0,404430577;"29,01810004";0,73;"Sim";"1998";"Sim";0,369887128507818;0,113665389527458;0,228435331883608
3513504;302;-23,89683525;-46,42801615;"Cubatão";"SÃO PAULO";"SP";"Sudeste";"";"Baixada Santista";1;118720;"100%";127006;127887;0,017009682;142,4;898,0828652;"MARCIA ROSA DE MENDONÇA SILVA";"PT";"ADEMARIO DA SILVA OLIVEIRA";"PSDB";60;77,04;7722279,592;61690,38962;"Serviços";1103084636;901199640,6;"0,816981409";"";673,149235;49699;30285;12215;37433;22235;9333;0,063746365;0,055296362;0,04486001;"56%";0,544676475;0,490386847;0,433669723;"18,23876928";0,737;"Sim";"1998";"Não";0,388616513015396;0,0955140084605941;0,236810621877126
3518701;303;-23,99472304;-46,25559901;"Guarujá";"SÃO PAULO";"SP";"Sudeste";"";"Baixada Santista";1;290752;"100%";311230;313421;0,017160966;142,9;2193,289013;"MARIA ANTONIETA DE BRITO";"PMDB";"VALTER SUMAN";"PSB";155;135,72;6746390,135;21997,92664;"Serviços";1103025633;791174741,1;"0,717276841";"";907,4433264;126970;64570;53837;89128;45660;37848;0,071763533;0,073019423;0,06453133;"63%";0,670452233;0,588684376;0,491028135;"16,18180582";0,751;"Sim";"2013";"Em elaboração";0,405110059632252;0,171772153110353;0,206016827206856
3522109;304;-24,19168432;-46,81697295;"Itanhaém";"SÃO PAULO";"SP";"Sudeste";"";"Baixada Santista";1;87057;"99%";96222;97439;0,025339458;599,6;162,5066711;"MARCO AURÉLIO GOMES DOS SANTOS";"PSDB";"MARCO AURELIO GOMES DOS SANTOS";"PSDB";43;89,2;1306101,449;13939,7781;"Serviços";355064570,8;204028366,3;"0,574623274";"Não informado";734,45837;38180;24892;10472;21797;13510;6708;0,130006362;0,093169021;0,028677118;"52%";0,536320105;0,502303358;0,554094736;"17,8990703";0,745;"Sim";"2000";"Sim";0,391834891573189;0,107472367327251;0,255462391855417
3531100;305;-24,12285785;-46,69409764;"Mongaguá";"SÃO PAULO";"SP";"Sudeste";"";"Baixada Santista";1;46293;"100%";52492;53384;0,031916243;142,1;375,6790992;"ARTUR PARADA PROCIDA";"PSDB";"ARTUR PARADA PROCIDA";"PSDB";21;35,34;692370,577;13672,13477;"Serviços";195028922,4;105813762,2;"0,542554206";"Não informado";718,9387368;19485;13418;4431;10192;6622;2663;0,151700942;0,107200101;0,027259648;"80%";0,805807119;0,57042747;0,770557;"13,57115161";0,754;"Sim";"2006";"Sim";0,364997002847295;0,0830023977221639;0,251348718717219
3537602;306;-24,28408062;-46,96777691;"Peruíbe";"SÃO PAULO";"SP";"Sudeste";"Centro Local";"Baixada Santista";1;59773;"99%";65226;65907;0,022065957;311,4;211,6473988;"ANA MARIA PRETO";"PTB";"LUIZ MAURÍCIO PASSOS DE CARVALHO PEREIRA";"PSDB";37;31;1231666,848;19300,58526;"Serviços";216232016,7;132687836,3;"0,6136364";"Não informado";847,1256303;31033;20411;8517;19035;12037;5695;0,11139696;0,083823551;0,041778226;"60%";0,578544748;0,629405213;0,489506695;"13,94678527";0,749;"Sim";"2007";"Não";0,470860454883396;0,129227547908416;0,309693962705024
3541000;307;-24,0288749;-46,50370541;"Praia Grande";"SÃO PAULO";"SP";"Sudeste";"";"Baixada Santista";1;262051;"100%";299261;304705;0,033751316;147,5;2065,79661;"ALBERTO PEREIRA MOURÃO";"PSDB";"ALBERTO PEREIRA MOURÃO";"PSDB";126;121,74;4955164,403;17207,40364;"Serviços";1218574061;822732779,1;"0,675160259";"Não informado";963,4168567;126038;78312;39267;75592;45985;24980;0,112352474;0,094679683;0,050709838;"90%";0,888636512;0,729957495;0,704463662;"9,533699927";0,754;"Sim";"2006";"Sim";0,413639421735777;0,128868905991041;0,257009238443741
3548500;300;-23,95383735;-46,32098301;"Santos";"SÃO PAULO";"SP";"Sudeste";"Capital Regional C";"Baixada Santista";1;419400;"100%";433966;434359;0,008571797;281,1;1545,211668;"PAULO ALEXANDRE PEREIRA BARBOSA";"PSDB";"PAULO ALEXANDRE PEREIRA BARBOSA";"PSDB";270;122,66;19265873,5;44478,21785;"Serviços";2033564475;1589055495;"0,781413874";"Não informado";1526,83629;259191;159775;73232;222379;144465;59653;0,02035016;0,041870451;0,214283468;"92%";0,865840997;0,808978708;0,853063106;"12,22423397";0,84;"Sim";"2013";"Sim";0,59672068496336;0,168597864899772;0,367840887376571
3551009;308;-23,95769976;-46,38898082;"São Vicente";"SÃO PAULO";"SP";"Sudeste";"";"Baixada Santista";1;332445;"100%";355542;357989;0,01693402;148,9;2404,224312;"LUIS CLAUDIO BILI LINS DA SILVA";"PP";"PEDRO LUIS DE FREITAS GOUVÊA JÚNIOR";"PMDB";113;79,08;4386717,469;12516,84895;"Serviços";829614220,9;498692328,3;"0,601113524";"Não informado";820,485493;129355;68733;51822;92031;49912;36115;0,066085571;0,074893187;0,083505846;"74%";0,744420478;0,665714727;0,614725854;"14,44595513";0,768;"Sim";"1999";"Não";0,361337918204191;0,144758637835241;0,191997519476855
3501608;201;-22,74050887;-47,32259974;"Americana";"SÃO PAULO";"SP";"Sudeste";"";"Campinas";1;210638;"100%";229322;231621;0,021473842;133,4;1736,289355;"OMAR NAJAR";"PMDB";"OMAR NAJAR";"PMDB";81;107,15;9890708,533;44046,60203;"Serviços";649373982,1;473074557,5;"0,728508641";"";1162,862299;165284;120641;32611;124241;89169;26548;0,062322076;0,041996983;0,046516955;"97%";0,936911346;0,962257658;0,787061611;"20,26699564";0,811;"Sim";"2008";"Não";0,713596780948187;0,140794660242379;0,520855190159787
3503802;202;-22,56868964;-47,16369178;"Artur Nogueira";"SÃO PAULO";"SP";"Sudeste";"Centro Local";"Campinas";0;44177;"91%";50246;51126;0,032705092;178;287,2247191;"CELSO CAPATO";"PSD";"IVAN CLEBER VICENSOTTI";"PSDB";13;0;798659,4548;16494,41253;"Serviços";129800733;69328178,05;"0,534112377";"";837,9348387;32574;21725;8292;21988;14341;5777;0,086615936;0,074957725;0,003054246;"74%";0,688882668;0,781702627;0,403596192;"28,37109391";0,749;"Sim";"2007";"Não";0,637131792043187;0,162187536674099;0,424930563705355
3509502;200;-22,8961587;-47,06178932;"Campinas";"SÃO PAULO";"SP";"Sudeste";"Capital Regional A";"Campinas";1;1080113;"98%";1164098;NA;0,01889654;795;1475,937107;"JONAS DONIZETTE FERREIRA";"PSB";"JONAS DONIZETTE FERREIRA";"PSB";587;500,01;51347710,76;44850,56781;"Serviços";NA;NA;"";"";1369,791509;846977;655507;123378;664008;519135;96596;0,047754186;0,050160591;0,05940875;"81%";0,784408269;0,786832369;0,799397649;"15,15654109";0,805;"Sim";"2006";"Sim";NA;NA;NA
3512803;203;-22,63721869;-47,19150068;"Cosmópolis";"SÃO PAULO";"SP";"Sudeste";"";"Campinas";0;58827;"93%";66807;67960;0,032312812;154,7;439,3018746;"ANTONIO FERNANDES NETO";"PMDB";"JOSE PIVATTO";"PT";16;10,52;1229257,155;19083,39914;"Serviços";149857992,9;70628106,08;"0,471300227";"";824,0406818;36189;24686;8746;26989;18347;6707;0,061150866;0,054523429;0,005862132;"79%";0,760700128;0,865307838;0,780695776;"22,85609801";0,769;"Sim";"2007";"Não";0,532504414361389;0,12869334902884;0,363243084167157
3515152;204;-22,49055989;-47,21136417;"Engenheiro Coelho";"SÃO PAULO";"SP";"Sudeste";"Centro Local";"Campinas";0;15721;"73%";18611;19059;0,043091449;109,9;173,4212921;"PEDRO FRANCO DE OLIVEIRA";"PMDB";"PEDRO FRANCO DE OLIVEIRA";"PMDB";10;0;351644,6757;19888,27983;"Serviços";52920860,6;26585302,54;"0,502359603";"";705,9185714;8536;5253;2304;5205;3143;1362;0,108185859;0,110864462;0,002495084;"60%";0,559291203;0,521051452;0,119600044;"44,06985071";0,732;"Sim";"2012";"Não";0,447872396243245;0,120887769557689;0,275617818353534
3519055;205;-22,63192176;-47,04947669;"Holambra";"SÃO PAULO";"SP";"Sudeste";"Centro Local";"Campinas";1;11299;"72%";13375;13698;0,043069978;65,6;208,8109756;"FERNANDO FIORI DE GODOY";"PTB";"FERNANDO FIORI DE GODOY";"PTB";10;0;603033,2778;47456,77798;"Serviços";72565185,59;43524558,4;"0,59979945";"";1056,1008;8245;5605;1662;5795;3794;1325;0,081174161;0,046364575;0,020074079;"40%";0,367134257;0,405180392;0,360353787;"15,33036946";0,793;"Sim";"2007";"Sem informação";0,601912687983647;0,121331581252738;0,409183822455833
3519071;206;-22,87858822;-47,20771394;"Hortolândia";"SÃO PAULO";"SP";"Sudeste";"";"Campinas";1;192692;"100%";215819;219039;0,028742064;62,5;3504,624;"ANTONIO MEIRA";"PT";"ANGELO AUGUSTO PERUGINI";"PDT";48;97,5;9202710,44;44002,84232;"Serviços";685715602,9;478184108,1;"0,697350485";"3600000";683,4011715;97745;74111;17354;58219;43212;11399;0,113924257;0,087693587;0,069353366;"83%";0,794743228;0,883618251;0,653104985;"13,17479661";0,756;"Sim";"2008";"Não";0,446244732673177;0,0792279000543282;0,338346139272002
3520509;207;-23,08889275;-47,20331317;"Indaiatuba";"SÃO PAULO";"SP";"Sudeste";"";"Campinas";0;201619;"99%";231033;235367;0,034631366;311,4;755,834939;"REINALDO NOGUEIRA LOPES CRUZ";"PMDB";"NILSON ALCIDES GASPAR";"PMDB";84;113,2;10303801,98;46404,74315;"Serviços";940715213,1;712457722,1;"0,7573575";"62944,51";1094,55839;170013;114562;44710;118162;77855;34016;0,080316018;0,056195433;0,100488115;"85%";0,791210555;0,887594791;0,704949963;"18,09339723";0,788;"Sim";"2001";"Não";0,722331507815454;0,189958660304971;0,486737732987207
3523404;208;-23,00265997;-46,84299846;"Itatiba";"SÃO PAULO";"SP";"Sudeste";"";"Campinas";1;101471;"84%";113284;114912;0,02791371;322,2;356,6480447;"JOÃO GUALBERTO FATTORI";"PSDB";"DOUGLAS AUGUSTO PINHEIRO DE OLIVEIRA";"PPS";76;29,94;4483241,53;40791,22831;"Serviços";359192335,2;223517336,8;"0,622277579";"Não informado";1136,615089;75001;54947;13345;53206;39002;9600;0,07095549;0,068093984;0,004229938;"65%";0,578867808;0,614376022;0,572570197;"11,6466583";0,778;"Sim";"2011";"Sim";0,652682052353105;0,116132344750766;0,478165900863269
3524709;209;-22,6934986;-46,9875688;"Jaguariúna";"SÃO PAULO";"SP";"Sudeste";"";"Campinas";1;44311;"97%";51907;53069;0,040347899;141,8;374,2524683;"TARCISIO CLETO CHIAVEGATO";"PTB";"MÁRCIO GUSTAVO BERNARDES REIS";"PMDB";26;14,08;6163747,609;124527,7008;"Serviços";288447536,4;213411036,2;"0,739860839";"Não informado";927,9127848;36641;24161;9614;25314;16305;6959;0,081829501;0,066771627;0,039005137;"59%";0,537666901;0,521807277;0,627251038;"11,82988624";0,784;"Sim";"1985";"Não";0,690440746952081;0,181160376114116;0,455275207748403
3531803;210;-22,95324273;-47,30731677;"Monte Mor";"SÃO PAULO";"SP";"Sudeste";"";"Campinas";0;48949;"94%";55409;56335;0,031475987;240,5;234,2411642;"THIAGO GIATTI ASSIS";"PMDB";"THIAGO GIATTI ASSIS";"PMDB";20;15,27;2777871,939;51934,48884;"Indústria";200594190,8;113785821,6;"0,567243853";"Não informado";630,0059701;25991;19306;4764;15625;11226;3107;0,114534337;0,089246316;0,005665375;"52%";0,449589969;0,759524921;0,49918688;"25,70599684";0,733;"Sim";"2010";"Não";0,46136504837135;0,0845655453980651;0,342699920120706
3532009;211;-22,8707196;-46,79621908;"Morungaba";"SÃO PAULO";"SP";"Sudeste";"";"Campinas";1;11769;"85%";12934;13085;0,023878264;146,9;89,07420014;"JOSE ROBERTO ZEM";"PV";"MARCO ANTONIO DE OLIVEIRA";"PSD";7;2,32;405854,9409;32157,11441;"Indústria";36931482,3;14824765,19;"0,401412677";"Não informado";839,2583871;8795;6456;1431;6030;4308;1038;0,084270309;0,066322212;0,000704126;"45%";0,344224238;0,505158249;0,417489385;"7,825338446";0,715;"Sim";"2006";"Sem informação";0,672143675964845;0,109361864730608;0,493389377149408
3533403;212;-22,78426041;-47,28513663;"Nova Odessa";"SÃO PAULO";"SP";"Sudeste";"";"Campinas";0;51242;"98%";56764;57504;0,025915827;73,8;779,1869919;"BENJAMIM VIEIRA DE SOUZA";"PSDB";"BENJAMIM BILL VIEIRA DE SOUZA";"PSDB";25;18,53;2404549,6;43537,80803;"Serviços";160858725,7;104360702,2;"0,648772404";"Não informado";857,5353684;39392;28175;8586;27971;19434;6699;0,077110713;0,050887391;0,024162739;"80%";0,745573383;0,782333515;0,794779445;"5,35637766";0,791;"Sim";"2012";"Não";0,6850306065665;0,149311352253756;0,48996591541458
3536505;213;-22,74835841;-47,1450701;"Paulínia";"SÃO PAULO";"SP";"Sudeste";"";"Campinas";0;82146;"100%";97702;100128;0,044309571;138,8;721,3832853;"JOSE PAVAN JUNIOR";"PSB";"DIXON RONAN CARVALHO";"PP";47;37,67;12153538,62;131151,4074;"Serviços";1259583859;1143619253;"0,907934192";"Não informado";1211,699758;65223;47879;9978;46217;33443;8057;0,074404871;0,04369602;0,019191957;"92%";0,736912258;0,919109851;0,922944072;"16,80301614";0,795;"Sim";"2006";"Não";0,651396212847555;0,0996524448705657;0,478177932246724
3537107;214;-22,7548692;-46,88852929;"Pedreira";"SÃO PAULO";"SP";"Sudeste";"";"Campinas";1;41558;"99%";45579;46094;0,023357881;109,2;422,1062271;"CARLOS EVANDRO POLLO";"PT";"HAMILTON BERNARDES JUNIOR";"PSB";13;11,22;941568,2252;21154,55807;"Serviços";122295152,8;68758778,88;"0,562236338";"Não informado";803,1376667;31667;17380;12224;23018;12396;9128;0,069925753;0,060150547;0,003573243;"73%";0,695055101;0,632711617;0,524850286;"17,75725828";0,769;"Sim";"2008";"Não";0,687009155204582;0,265197205710071;0,377055582071419
3545803;215;-22,75871707;-47,409337;"Santa Bárbara D'Oeste";"SÃO PAULO";"SP";"Sudeste";"";"Campinas";1;180009;"99%";190139;191024;0,013781231;271,5;703,587477;"DENIS EDUARDO ANDIA";"PV";"DENIS EDUARDO ANDIA";"PV";51;66,87;5129705,865;27241,90856;"Serviços";444655427,6;277978262,1;"0,625154321";"Não informado";837,4727778;131875;90037;33890;98779;65694;27579;0,065072232;0,042074121;0,010659084;"94%";0,913883855;0,933036578;0,726381154;"12,68277732";0,781;"Sim";"2006";"Não";0,690358279587905;0,177412262333529;0,471338679956445
3548005;216;-22,60331771;-46,94988829;"Santo Antônio De Posse";"SÃO PAULO";"SP";"Sudeste";"Centro Local";"Campinas";0;20650;"91%";22389;22597;0,02041929;154;146,7337662;"MAURICIO DIMAS COMISSO";"PRB";"NORBERTO DE OLIVERIO JUNIOR";"PSD";8;0;687016,5231;31289,1799;"Serviços";82168719,2;44576372,46;"0,542498081";"Não informado";705,2746667;13545;8642;3158;8919;5581;2133;0,0913912;0,081643772;0,022220414;"64%";0,483604471;0,212176129;0,587250288;"22,54689755";0,702;"Sim";"2006";"Não";0,599415851661725;0,139753064566093;0,382440146922158
3552403;217;-22,81970613;-47,26409353;"Sumaré";"SÃO PAULO";"SP";"Sudeste";"";"Campinas";0;241311;"99%";265955;269522;0,024608041;153;1761,581699;"CRISTINA CONCEIÇÃO BREDDA CARRARA";"PSDB";"LUIZ ALFREDO CASTRO RUZZA DALBEN";"PPS";65;107,81;11327493,26;43810,59911;"Serviços";679303086,9;483392532,7;"0,711600671";"Não informado";820,4941333;146751;109053;27842;101283;75132;19836;0,077364183;0,07016136;0,014683371;"88%";0,874342962;0,860432207;0,617230458;"19,06156122";0,762;"Sim";"2006";"Não";0,544486164394743;0,103301400256751;0,404616320745616
3556206;218;-22,97315915;-46,99637722;"Valinhos";"SÃO PAULO";"SP";"Sudeste";"";"Campinas";0;106793;"95%";120258;122163;0,030131808;148,1;824,8683322;"CLAYTON ROBERTO MACHADO";"PSDB";"ORESTES PREVITALE JUNIOR";"PMDB";57;49,51;4970626,946;42736,75883;"Serviços";452175704,8;343414020,3;"0,759470305";"Não informado";1461,846025;90509;68749;12966;67499;50986;10389;0,061605326;0,045313247;0,000871216;"76%";0,703344482;0,751041004;0,754395654;"9,297450808";0,819;"Sim";"2004";"Sim";0,74088717533132;0,106136882689521;0,562764503163806
3556701;219;-23,03106592;-46,98402679;"Vinhedo";"SÃO PAULO";"SP";"Sudeste";"";"Campinas";0;63611;"97%";72550;73855;0,033418658;81,6;905,0857843;"MILTON ALVARO SERAFIM";"PTB";"JAIME CESAR DA CRUZ";"PSDB";47;35,91;7137263,324;102187,1762;"Serviços";402557794,3;310481654,5;"0,771272247";"Não informado";1589,086444;58313;44091;9501;43309;32303;7743;0,0641955;0,041770396;0,015892608;"82%";0,641303738;0,738719493;0,776887073;"14,04159119";0,817;"Sim";"1984";"Não";0,789560625550064;0,128643964525083;0,596994110080563
3500758;601;-23,54899737;-47,8689504;"Alambari";"SÃO PAULO";"SP";"Sudeste";"Centro Local";"Sorocaba";0;4884;"75%";5560;5658;0,032939259;159,3;35,51789077;"HUDSON JOSE GOMES";"PSDB";"HUDSON JOSE GOMES";"PSDB";9;0;67900,00354;12677,37183;"Agropecuária";20280014,85;7195445,69;"0,354804754";"";658,808125;2059;1253;618;1143;684;318;0,128701218;0,142121405;0,006521647;"37%";0,259658635;0,449611256;0,559297925;"54,94505495";0,712;"Não";"-";"Sem informação";0,363909508660304;0,109225874867444;0,221456344998233
3501152;602;-23,53140702;-47,26234714;"Alumínio";"SÃO PAULO";"SP";"Sudeste";"";"Sorocaba";0;16839;"84%";18061;18194;0,017668598;83,8;217,1121718;"JOSE APARECIDA TISEO";"PSDB";"ANTONIO PIASSENTINI";"PPS";16;14,36;1560348,746;87738,90835;"Indústria";68743574,15;38520761,47;"0,56035436";"";878,5104167;7345;5703;1034;4824;3721;682;0,089152619;0,086794002;0,02628281;"86%";0,681667093;0,590253742;0,83963261;"33,47467083";0,766;"Não";"-";"Sem informação";0,403704517972958;0,0568319226118501;0,313454985159943
3502754;603;-23,43443388;-47,07237502;"Araçariguama";"SÃO PAULO";"SP";"Sudeste";"";"Sorocaba";1;17080;"100%";20114;20581;0,04172394;146,3;140,6766917;"ROQUE NORMELIO HOFFMANN";"PSDB";"LILIANA MEDEIROS DE ALMEIDA AYMAR BECHARA";"PV";20;3,25;1388165,931;72511,80166;"Indústria";95614328,33;60481458,7;"0,632556435";"";731,502;8977;6121;1690;5201;3439;1009;0,122220094;0,108661861;0,001262395;"47%";0,450297055;0,439197751;0,420788502;"15,2780607";0,704;"Não";"-";"Não";0,436179000048589;0,0821145716923376;0,297410232738934
3502903;604;-23,51286776;-47,61260677;"Araçoiaba Da Serra";"SÃO PAULO";"SP";"Sudeste";"";"Sorocaba";0;27299;"69%";31321;31915;0,034956795;255,4;124,9608457;"MARA LUCIA FERREIRA DE MELO";"PT";"DIRLEI SALAS ORTEGA";"PV";19;23,51;481780,3934;16012,37681;"Serviços";80068802,39;33394081,78;"0,417067332";"";833,324375;18089;12333;4378;11761;7816;3063;0,095511236;0,074053098;0,000734603;"28%";0,191073656;0,586114017;0,540869921;"26,04760199";0,776;"Sim";"2006";"Sim";0,566786777377409;0,13717687607708;0,38643271189096
3507001;605;-23,28758396;-47,67496121;"Boituva";"SÃO PAULO";"SP";"Sudeste";"";"Sorocaba";0;48314;"94%";55725;56830;0,036320933;249;228,2329317;"EDSON JOSÉ MARCUSSO";"PTB";"FERNANDO LOPES DA SILVA";"PSDB";19;13,98;2494394,837;46684,41236;"Serviços";200906232;126662625,7;"0,630456429";"";901,2919008;36436;26299;6120;22167;16223;3903;0,10144195;0,094134152;0,025496737;"73%";0,637735807;0,832775148;0,621467065;"25,64384365";0,78;"Sim";"2000";"Não";0,641140242829491;0,107689600563083;0,462766144641914
3510302;606;-23,46850596;-47,73774679;"Capela Do Alto";"SÃO PAULO";"SP";"Sudeste";"Centro Local";"Sorocaba";0;17532;"83%";19482;19747;0,026716447;169,9;116,2271925;"MARCELO SOARES DA SILVA";"PV";"PERICLES GONÇALVES";"PPS";8;0;244975,7602;12939,08838;"Serviços";56179780,79;20498962,27;"0,364881493";"";589,6136667;10135;6406;2727;6126;3768;1699;0,111975473;0,099254752;0,007465594;"48%";0,346875208;0,567534966;0,386481052;"26,02540079";0,699;"Sim";"1968";"Sem informação";0,513242517850813;0,138096926115359;0,324403706892186
3511508;607;-23,16724295;-47,74337478;"Cerquilho";"SÃO PAULO";"SP";"Sudeste";"Centro Local";"Sorocaba";0;39617;"95%";45142;45947;0,033177174;127,8;359,5226917;"ALDOMIR JOSE SANSON";"PTB";"ALDOMIR JOSÉ SANSON";"PSDB";11;0;1471018,781;33837,5263;"Indústria";151885042,2;91142490,87;"0,600075488";"";959,4403922;26811;19038;5680;19064;13277;4257;0,07474213;0,059373091;0,004617336;"90%";0,848464541;0,90246088;0,74639903;"24,81949458";0,782;"Sim";"1971";"Não";0,583520142773195;0,123620693407622;0,414346964981392
3511607;608;-23,22252968;-47,95690735;"Cesário Lange";"SÃO PAULO";"SP";"Sudeste";"Centro Local";"Sorocaba";0;15540;"68%";17163;17378;0,025145588;190,8;91,07966457;"RAMIRO DE CAMPOS";"PSDB";"RONALDO PAIS DE CAMARGO";"PSDB";13;0;272322,0321;16290,12574;"Serviços";50864846,54;19076742,57;"0,375047678";"";625,386087;9912;6917;2202;6171;4140;1416;0,108111564;0,092322331;0,027391151;"55%";0,433334013;0,446145877;0,514485456;"35,41285487";0,706;"Não";"-";"Sem informação";0,570376337898492;0,126711934629992;0,398031994475774
3519709;609;-23,65522281;-47,21136417;"Ibiúna";"SÃO PAULO";"SP";"Sudeste";"Centro Local";"Sorocaba";0;71217;"35%";76432;77005;0,017824469;1057,5;72,8179669;"FABIO BELLO DE OLIVEIRA";"PMDB";"JOÃO BENEDICTO DE MELLO NETO";"PSD";42;0;1252456,36;16645,92922;"Serviços";165928218,7;89793702,27;"0,541159924";"";611,6829457;40782;27838;8729;24061;15472;5679;0,124652401;0,089779226;0,007743632;"20%";0,121535753;0,206692959;0,15468161;"34,28044037";0,71;"Sim";"2006";"Sim";0,529601973897799;0,113356275566522;0,361508992922538
3521002;610;-23,35296663;-47,69206075;"Iperó";"SÃO PAULO";"SP";"Sudeste";"";"Sorocaba";0;28300;"62%";33367;34149;0,0420359;170;200,8764706;"VANDERLEI POLIZELI";"PSDB";"VANDERLEI POLIZELI";"PSB";10;7,97;412404,6887;12991,16991;"Serviços";85773217,99;33173376,76;"0,386756817";"Não informado";545,1382857;8706;6230;1857;5423;3788;1246;0,104626901;0,083075601;NA;"49%";0,406230142;0,523679186;0,511340151;"9,211495947";0,719;"Sim";"2006";"Não";0,254941579548449;0,0543793376087148;0,182435796070163
3522307;611;-23,58702481;-48,04298249;"Itapetininga";"SÃO PAULO";"SP";"Sudeste";"Centro Subregional B";"Sorocaba";0;144377;"91%";157016;158561;0,02120157;1790,2;88,57166797;"#N/D";"#N/D";"#N/D";"#N/D";61;32,79;3443713,544;22389,39954;"Serviços";413311283,7;222230789;"0,537683818";"Não informado";727,662069;88163;55144;26267;59359;36456;18431;0,086290171;0,073426506;0,02274342;"75%";0,692411632;0,672757967;0,677037151;"19,30054814";0,763;"Sim";"2007";"Não";0,556019449927788;0,165658642415222;0,347777826830053
3523909;612;-23,26920889;-47,29876355;"Itu";"SÃO PAULO";"SP";"Sudeste";"";"Sorocaba";1;154147;"94%";167095;168643;0,020368621;640,8;263,1757179;"ANTONIO LUIZ CARVALHO GOMES";"PSD";"GUILHERME DOS REIS GAZZOLA";"PTB";96;106,52;6660939,911;40644,73164;"Serviços";548292510,1;382113881,1;"0,696916106";"Não informado";1051,506;112126;77753;24842;81113;57336;17460;0,062815679;0,073071014;0,008481139;"77%";0,702996152;0,755913129;0,689097006;"18,72987294";0,773;"Sim";"2006";"Não";0,664871948435452;0,147305254294575;0,461050858914986
3525854;613;-23,08381627;-47,7923714;"Jumirim";"SÃO PAULO";"SP";"Sudeste";"Centro Local";"Sorocaba";0;2798;"58%";3142;3190;0,029412927;56,7;56,26102293;"ADEMIR DO NASCIMENTO";"PTB";"DARCI SCHIAVI";"PMDB";5;0;63924,54248;21013,98504;"Indústria";19117835,84;8269407,72;"0,432549363";"Não informado";727,5733333;1474;1124;187;998;762;106;0,080842138;0,120229869;0,006862745;"45%";0,444061357;0,462822843;0,468899522;"97,02457956";0,741;"Não";"-";"Não";0,462068965517241;0,0586206896551724;0,352351097178683
3528403;614;-23,54001454;-47,18554163;"Mairinque";"SÃO PAULO";"SP";"Sudeste";"";"Sorocaba";0;43223;"80%";46015;46294;0,015771749;209,6;220,8683206;"RUBENS MERGUIZO FILHO";"PMDB";"RUBENS MERGUIZO FILHO";"PMDB";21;8,99;1503794,052;33096,97271;"Indústria";139262390,2;65408417,06;"0,469677541";"Não informado";726,7872308;25255;18783;4788;16388;12082;3229;0,092257978;0,081974983;0,006044957;"61%";0,451284227;0,593402837;0,612952247;"19,68116512";0,743;"Sim";"2006";"Sim";0,545535058538903;0,103425929926124;0,405732924353048
3537800;615;-23,71613753;-47,4172824;"Piedade";"SÃO PAULO";"SP";"Sudeste";"Centro Local";"Sorocaba";1;52143;"46%";54717;54907;0,012118973;746,9;73,51318784;"MARIA VICENTINA GODINHO PEREIRA DA SILVA";"PSDB";"JOSÉ TADEU DE RESENDE";"PSDB";17;0;940332,4163;17310,02368;"Serviços";107415120,7;42308643,53;"0,393879775";"Não informado";566,7767692;30911;19474;8489;20421;12329;5926;0,09573482;0,074531069;0,006447401;"31%";0,272113071;0,290205595;0,272962609;"33,01359059";0,716;"Sim";"2006";"Não";0,562970113100333;0,154606880725591;0,354672446136194
3537909;616;-23,81015807;-47,72318022;"Pilar Do Sul";"SÃO PAULO";"SP";"Sudeste";"Centro Local";"Sorocaba";0;26406;"79%";28309;28516;0,017549341;681,1;41,86756717;"JANETE PEDRINA DE CARVALHO PAES";"PSDB";"ANTONIO JOSE PEREIRA";"DEM";10;0;446983,2204;16032,39671;"Serviços";63497874,49;23852892,21;"0,375648672";"Não informado";529,6022727;18758;12177;4561;11386;7151;3004;0,112332702;0,087106341;0,006877058;"54%";0,511890171;0,433192456;0,486851146;"35,59098836";0,69;"Sim";"1980";"Não";0,657806143919203;0,159945293870108;0,427023425445364
3540606;617;-23,21292899;-47,51858623;"Porto Feliz";"SÃO PAULO";"SP";"Sudeste";"";"Sorocaba";0;48893;"84%";51928;52221;0,015169889;557,1;93,73721055;"LEVI RODRIGUES VIEIRA";"PSD";"ANTONIO CASSIO HABICE PRADO";"PTB";34;9,24;1313912,883;25602,35547;"Serviços";213919594,6;132144446,5;"0,617729511";"Não informado";715,4985714;29792;20403;6578;19993;13885;4095;0,080014607;0,099431036;0,012344677;"57%";0,558690947;0,577669368;0,463621186;"19,36933447";0,758;"Sim";"2006";"Não";0,57049845847456;0,125964650236495;0,390704888837824
3545209;618;-23,20167301;-47,29148027;"Salto";"SÃO PAULO";"SP";"Sudeste";"";"Sorocaba";1;105516;"99%";114171;115193;0,019904179;133,2;864,8123123;"JUVENIL CIRELLI";"PT";"JOSE GERALDO GARCIA";"PP";40;23,33;4987997,825;44515,02717;"Serviços";321821995,2;197986587,3;"0,615205269";"Não informado";897,0293007;67628;48284;13853;46946;33360;9827;0,076751387;0,071086574;0,014333084;"89%";0,84579319;0,871545389;0,777895502;"22,98301908";0,78;"Sim";"2006";"Sim";0,587084284635351;0,120259043518269;0,41915741407898
3545308;619;-23,65280698;-47,58064371;"Salto De Pirapora";"SÃO PAULO";"SP";"Sudeste";"";"Sorocaba";0;40132;"78%";43574;43990;0,02078471;280,5;156,8270945;"SANTELMO XAVIER SOBRINHO";"PMDB";"JOEL DAVID HADDAD";"PDT";14;15,53;1243452,897;29113,85851;"Indústria";133807147,8;78472282,95;"0,58645808";"Não informado";632,1850794;20924;14847;4322;12836;8928;2791;0,107074648;0,091402603;0,017804196;"55%";0,524135815;0,426166743;0,503050362;"27,81125429";0,729;"Sim";"2010";"Sim";0,475653557626733;0,0982496021823142;0,337508524664696
3550209;620;-23,88166665;-47,99663434;"São Miguel Arcanjo";"SÃO PAULO";"SP";"Sudeste";"Centro Local";"Sorocaba";1;31450;"68%";32769;32840;0,010323919;930,3;35,30044072;"TSUOSHI JOSE KODAWARA";"PTB";"PAULO RICARDO DA SILVA";"PP";11;0;485738,7015;14890,36821;"Serviços";72010855,21;26341942,27;"0,365805158";"Não informado";571,22;14972;9963;3514;9605;6090;2395;0,103454849;0,07969042;0,016997514;"48%";0,372916476;0,395277945;0,431504404;"36,70173722";0,71;"Sim";"2006";"Não";0,455907429963459;0,10700365408039;0,303380024360536
3550605;621;-23,53074491;-47,13389654;"São Roque";"SÃO PAULO";"SP";"Sudeste";"";"Sorocaba";1;78821;"91%";86515;87506;0,02355779;306,3;285,6872347;"DANIEL DE OLIVEIRA COSTA";"PMDB";"CLAUDIO JOSÉ DE GÓES";"PSDB";47;14,61;2002959,532;23714,88908;"Serviços";248758348,7;135288915,2;"0,543856783";"Não informado";877,3232353;44122;32980;7594;29802;22338;5088;0,081038778;0,083389689;0,0107502;"48%";0,385335121;0,450714201;0,476989352;"17,54344928";0,768;"Sim";"2006";"Sim";0,504216853701461;0,0867826206203003;0,37688844193541
3551108;622;-23,6386699;-47,82713251;"Sarapuí";"SÃO PAULO";"SP";"Sudeste";"Centro Local";"Sorocaba";1;9027;"74%";9836;9936;0,021689122;352,7;28,17125035;"FABIO AUGUSTO HOLTZ";"PSDB";"WELLIGTON MACHADO DE MORAES";"PMDB";6;0;111397,9279;11570,20439;"Serviços";24659089,41;9782927,75;"0,396727048";"Não informado";595,6716667;5318;3162;1800;3060;1766;1066;0,123554732;0,11046036;0,015116721;"26%";0,202886278;0,441834521;0,303941629;"61,63961373";0,707;"Não";"-";"Sem informação";0,535225442834139;0,181159420289855;0,318236714975845
3552205;600;-23,49499062;-47,46296844;"Sorocaba";"SÃO PAULO";"SP";"Sudeste";"Capital Regional C";"Sorocaba";1;586625;"99%";644919;652481;0,023967449;449;1453,187082;"ANTONIO CARLOS PANNUNZIO";"PSDB";"JOSE ANTONIO CALDINI CRESPO";"DEM";248;277,16;26908886,58;42764,71848;"Serviços";2595659339;2131334347;"0,821114818";"264781357";1072,751681;438436;325360;83956;306531;226297;60795;0,075318389;0,066686442;0,037969243;"92%";0,882090337;0,780762513;0,884110929;"17,89113714";0,798;"Sim";"1966";"Sim";0,671952133472086;0,128671946003025;0,49865053541789
3553500;623;-23,96045851;-47,50401966;"Tapiraí";"SÃO PAULO";"SP";"Sudeste";"Centro Local";"Sorocaba";0;8012;"71%";8047;8010;0,001090327;755,1;10,60786651;"ARALDO TODESCO";"PSB";"ALVINO GUILHERME MARZEUSKI";"PSDB";5;0;118107,9166;14536,35896;"Agropecuária";5525725,57;1877573,59;"0,339787701";"Não informado";479,0393333;3057;2130;533;2017;1383;353;0,090213322;0,085901669;0,002492212;"32%";0,157122143;0,374218574;0,138739884;"24,73716759";0,681;"Sim";"2011";"Não";0,381647940074906;0,066541822721598;0,265917602996255
3554003;624;-23,34965604;-47,85295506;"Tatuí";"SÃO PAULO";"SP";"Sudeste";"Centro de Zona A";"Sorocaba";1;107326;"95%";116682;117823;0,021115175;523,5;225,0678128;"JOSE MANOEL CORREA COELHO";"PMDB";"MARIA JOSE PINTO VIEIRA DE CAMARGO";"PSDB";47;22,22;3348512,874;29292,23782;"Serviços";311179350,7;177189304,8;"0,569412155";"Não informado";790,3744195;75927;44675;25695;51807;30073;17806;0,082374523;0,076109463;0,00994269;"84%";0,783627041;0,597761042;0,65577864;"24,23927628";0,752;"Sim";"2006";"Não";0,644415776206683;0,218081359327126;0,379170450591141
3554508;625;-23,10930776;-47,71523483;"Tietê";"SÃO PAULO";"SP";"Sudeste";"Centro de Zona B";"Sorocaba";0;36835;"91%";40194;40613;0,022057051;404,8;100,3285573;"MANOEL DAVID KORN DE CARVALHO";"PSD";"VLAMIR DE JESUS SANDEI";"PSDB";21;0;1531636,716;38949,15867;"Serviços";141018676,5;76146938,54;"0,539977686";"Não informado";926,1237736;25135;17280;5300;18372;12666;3713;0,064096099;0,073767325;0,006146822;"75%";0,716575441;0,604642367;0,622282374;"7,544322897";0,778;"Sim";"2006";"Não";0,618890503040898;0,130500086179302;0,425479526260065
3557006;626;-23,54398724;-47,44575341;"Votorantim";"SÃO PAULO";"SP";"Sudeste";"";"Sorocaba";0;108809;"96%";117794;118858;0,020033858;183,7;647,022319;"ERINALDO ALVES DA SILVA";"PSDB";"FERNANDO DE OLIVEIRA SOUZA";"DEM";33;21,11;2483534,045;21486,64658;"Serviços";276703804,2;161588823;"0,583977598";"Não informado";792,93225;62445;43936;14468;43357;30228;10369;0,077661134;0,068893227;0,00803244;"88%";0,8199672;0,766083176;0,659253704;"11,99595565";0,767;"Sim";"2006";"Não";0,525374817008531;0,121725083713339;0,369651180400141
3503901;101;-23,38596816;-46,31908728;"Arujá";"SÃO PAULO";"SP";"Sudeste";"";"São Paulo";0;74905;"96%";83939;85199;0,028876495;96,4;883,8070539;"ABEL JOSE LARINI";"PR";"JOSE LUIZ MONTEIRO";"PMDB";35;41,46;2874463,951;35344,95673;"Serviços";247581947,8;159813116,4;"0,645495836";"";876,6054839;50839;36854;6623;34475;24913;4966;0,081463137;0,059277159;0,000795036;"86%";0,669986961;0,761863334;0,827602601;"15,72878731";0,784;"Sim";"2007";"Não";0,596708881559643;0,0777356541743448;0,432563762485475
3505708;102;-23,5022739;-46,84148934;"Barueri";"SÃO PAULO";"SP";"Sudeste";"";"São Paulo";1;240749;"100%";262275;264935;0,0216405;66,1;4008,093797;"GILBERTO MACEDO GIL ARANTES";"DEM";"RUBENS FURLAN";"PSDB";168;104,86;44118662,49;171831,0867;"Serviços";2379413990;1970000751;"0,827935264";"1402370,51";991,9293548;160146;116908;25038;109808;79329;17779;0,080643512;0,070874214;0,026324017;"94%";0,881162625;0,691098506;0,848906099;"21,96066344";0,786;"Sim";"2004";"Não";0,60447279521392;0,0945061996338725;0,441270500311397
3506607;103;-23,56500944;-46,06234376;"Biritiba-Mirim";"SÃO PAULO";"SP";"Sudeste";"Centro Local";"São Paulo";0;28575;"86%";31158;31479;0,021870433;317,2;99,24022699;"CARLOS ALBERTO TAINO JUNIOR";"PSDB";"JARBAS EZEQUIEL DE AGUIAR";"PV";8;0;569093,0805;18663,68492;"Agropecuária";63306438,4;17950488,69;"0,28354918";"";554,8454762;11450;8539;1874;6709;5009;1073;0,112579866;0,117979842;0,001918425;"32%";0,305466587;0,293435287;0,300661785;"29,19234512";0,712;"Sim";"2004";"Não";0,363734553194193;0,059531751326281;0,271260205216176
3509007;104;-23,34949052;-46,7474688;"Caieiras";"SÃO PAULO";"SP";"Sudeste";"";"São Paulo";0;86529;"98%";95780;97016;0,025718732;96,7;1003,267839;"ROBERTO HAMAMOTO";"PSD";"GERSON MOREIRA ROMERO";"PSD";35;16,4;2815657,275;30206,05348;"Serviços";225711120;144348559,7;"0,639527905";"";837,4109524;41007;31198;6073;24723;18642;3788;0,108477418;0,099002454;0,010145704;"88%";0,766450156;0,732270945;0,759061018;"20,10241652";0,781;"Sim";"2012";"Não";0,422682856436052;0,0625979219922487;0,321575822544735
3509205;105;-23,33724136;-46,84165487;"Cajamar";"SÃO PAULO";"SP";"Sudeste";"";"São Paulo";0;64114;"98%";71805;72875;0,028727746;131,4;554,6042618;"ANA PAULA POLOTTO RIBAS DE ANDRADE";"PT";"ANA PAULA POLOTTO RIBAS DE ANDRADE";"PSB";46;13,71;8728426,893;125437,2685;"Serviços";413741984,2;312491279,4;"0,755280565";"7620";692,6996591;36432;26805;5537;20881;15292;3119;0,118794453;0,121635715;0,012361334;"70%";0,578685571;0,477430635;0,828127435;"24,04186112";0,728;"Sim";"2007";"Não";0,499924528301887;0,0759794168096055;0,367821612349914
3510609;106;-23,53422102;-46,836689;"Carapicuíba";"SÃO PAULO";"SP";"Sudeste";"";"São Paulo";0;369584;"100%";392294;394465;0,015020062;34,6;11400,72254;"SERGIO RIBEIRO SILVA";"PT";"MARCO AURELIO DOS SANTOS NEVES";"PV";86;69,94;4437171,966;11442,26218;"Serviços";431886403,6;143789536,7;"0,332933696";"";686,3388063;178701;129745;36260;117910;86123;23582;0,085411194;0,089856787;0,001826327;"86%";0,842032162;0,753489136;0,602209133;"9,741766285";0,749;"Sim";"2010";"Não";0,453021180586364;0,0919219702635215;0,328913845334821
3513009;107;-23,59712209;-46,91034946;"Cotia";"SÃO PAULO";"SP";"Sudeste";"";"São Paulo";0;201150;"100%";229548;233696;0,033566368;323,1;723,2930981;"ANTONIO CARLOS DE CAMARGO";"PSDB";"ROGERIO CARDOSO FRANCO";"PSD";119;103,44;9883959,273;44735,74064;"Serviços";679571544,2;480524298,9;"0,707098911";"1212411,26";1088,074518;130294;98682;20017;80850;61481;12711;0,099257415;0,095074974;0,009720899;"72%";0,526728566;0,597013029;0,546505516;"10,6521797";0,78;"Sim";"2007";"Não";0,55753628645762;0,0856540120498425;0,422266534300972
3513801;108;-23,69728754;-46,61142421;"Diadema";"SÃO PAULO";"SP";"Sudeste";"";"São Paulo";0;386089;"100%";412428;415180;0,016635284;30,8;13479,87013;"LAURO MICHELS SOBRINHO";"PV";"LAURO MICHELS SOBRINHO";"PV";92;55,74;13428069,27;33015,67491;"Serviços";1165079407;851145301,6;"0,730547031";"";643,4212402;193984;135027;45195;132357;93000;29897;0,077426205;0,086156876;0,006650638;"82%";0,777048507;0,649653368;0,779630174;"12,45077671";0,757;"Sim";"2008";"Não";0,467228671901344;0,108856399633894;0,325225203526181
3515004;109;-23,65538834;-46,80407976;"Embu";"SÃO PAULO";"SP";"Sudeste";"";"São Paulo";1;240230;"100%";261781;264448;0,021710179;70,4;3756,363636;"FRANCISCO NASCIMENTO DE BRITO";"PT";"CLAUDINEI ALVES DOS SANTOS";"PRB";79;56,72;8106456,727;31635,32345;"Serviços";537678077,8;327035056,1;"0,608235801";"3060000";637,2826526;104368;73461;22164;59880;41037;13524;0,1235082;0,103846274;0,012711241;"80%";0,719322791;0,700081866;0,707425419;"16,21289852";0,735;"Sim";"2012";"Não";0,394663601161665;0,0838123184898354;0,277789962487899
3515103;110;-23,83399426;-46,81268728;"Embu-Guaçu";"SÃO PAULO";"SP";"Sudeste";"";"São Paulo";0;62769;"97%";67296;67788;0,017562305;154,9;437,6242737;"CLODOALDO LEITE DA SILVA";"PMDB";"MARIA LUCIA DA SILVA MARQUES";"PSB";22;19,67;866631,8619;13076,69582;"Serviços";135745360,8;64787854,28;"0,477274906";"135258,36";603,114875;36019;25022;5856;17553;11829;3222;0,161648665;0,126925241;0,002193886;"65%";0,42404834;0,806902181;0,544409364;"16,46903821";0,749;"Sim";"2007";"Não";0,531347731161858;0,0863869711453355;0,369121378415059
3515707;111;-23,5610608;-46,37393919;"Ferraz De Vasconcelos";"SÃO PAULO";"SP";"Sudeste";"";"São Paulo";0;168306;"96%";184700;186808;0,023509373;29,9;6247,759197;"ACIR DOS SANTOS";"PSDB";"JOSÉ CARLOS FERNANDES CHACON";"PRB";28;34,92;2592684,105;14377,76086;"Serviços";NA;NA;"";"";556,4388732;64448;49440;9017;35212;26623;5531;0,131785939;0,102685547;0,010187545;"90%";0,779920669;0,435797241;0,688537169;"10,9562626";0,738;"Sim";"2006";"Não";0,344995931651749;0,0482688107575693;0,264656759881804
3516309;112;-23,27467135;-46,731578;"Francisco Morato";"SÃO PAULO";"SP";"Sudeste";"";"São Paulo";0;154472;"100%";168243;169942;0,021578651;49,3;3447,099391;"MARCELO CECCHETTINI";"PV";"RENATA TORRES DE SENE";"PRB";26;39,54;1221495,759;7415,678672;"Serviços";293575885;102226309,1;"0,348210852";"";467,1907035;43196;32022;8657;22794;16539;4800;0,141268528;0,125188374;0,001389119;"56%";0,324313664;0,399776119;0,311282221;"21,02038978";0,703;"Sim";"2006";"Não";0,254180838168316;0,0509409092513917;0,188428993421285
3516408;113;-23,32300586;-46,71999097;"Franco Da Rocha";"SÃO PAULO";"SP";"Sudeste";"";"São Paulo";0;131604;"92%";145755;147650;0,025861173;134,1;1101,043997;"FRANCISCO DANIEL CELEGUIM DE MORAIS";"PT";"FRANCISCO DANIEL CELEGUIM DE MORAIS";"PT";30;47,22;2326996,517;16407,63564;"Serviços";309611711,6;145100805,7;"0,468654125";"";569,7625862;49536;37463;9047;28866;21480;5691;0,117670157;0,09714291;0,009710975;"68%";0,591695046;0,58484809;0,420093899;"14,6018899";0,731;"Sim";"2007";"Não";0,335496105655266;0,0612732814087369;0,253728411784626
3518305;114;-23,41288817;-46,03751439;"Guararema";"SÃO PAULO";"SP";"Sudeste";"";"São Paulo";1;25844;"86%";28344;28664;0,023352728;270,6;105,9275684;"MARCIO LUIZ ALVINO DE SOUZA";"PR";"ADRIANO DE TOLEDO LEITE";"PR";29;8,09;1686844,936;60943,13146;"Serviços";153350881,4;61944813,39;"0,403941685";"";720,5913333;15354;10817;3021;9509;6608;1984;0,10358899;0,087731765;0,012592165;"42%";0,360928496;0,324323837;0,610103454;"24,98572244";0,731;"Sim";"2006";"Não";0,535654479486464;0,105393524979068;0,3773723137036
3518800;115;-23,44549741;-46,51804543;"Guarulhos";"SÃO PAULO";"SP";"Sudeste";"";"São Paulo";1;1221979;"100%";1324781;NA;0,020399147;319,2;4188,869048;"SEBASTIAO ALVES DE ALMEIDA";"PT";"GUSTAVO HENRIC COSTA";"PSB";401;343,26;49392842,17;38016,45579;"Serviços";NA;3074703253;"";"66101179,94";751,3043167;612697;462233;89420;415420;312890;60203;0,081169667;0,082338997;0,018714705;"75%";0,732978089;0,582281951;0,728568352;"15,85127843";0,763;"Sim";"2004";"Sim";NA;NA;NA
3522208;116;-23,70901977;-46,85555932;"Itapecerica Da Serra";"SÃO PAULO";"SP";"Sudeste";"";"São Paulo";0;152614;"99%";167236;169103;0,023137138;150,3;1125,103127;"ERLON CHAVES DE CASTRO";"PDT";"JORGE JOSÉ DA COSTA";"PTB";60;34,9;3138819,974;19213,7753;"Serviços";389354389,5;215986107,6;"0,554728837";"Não informado";615,4121552;71405;49809;14019;42273;29522;7959;0,110279725;0,119880561;0,002533384;"72%";0,64570615;0,579992142;0,6841409;"7,863204437";0,742;"Sim";"2001";"Não";0,422257440731389;0,082902136567654;0,294548293052163
3522505;117;-23,54398724;-46,94080682;"Itapevi";"SÃO PAULO";"SP";"Sudeste";"";"São Paulo";1;200769;"100%";223404;226488;0,027066519;83,1;2725,487365;"JACI TADEU DA SILVA";"PV";"IGOR SOARES EBERT";"PTN";56;51,78;8506279,587;39198,54191;"Serviços";564163829,7;345068605,1;"0,611646098";"Não informado";575,2774866;87454;61956;19005;51372;36187;11579;0,113540861;0,104178697;0,005968801;"81%";0,639399073;0,373738233;0,591877828;"14,52894438";0,735;"Sim";"2008";"Não";0,386130832538589;0,0839117304228039;0,273550916604853
3523107;118;-23,48315528;-46,363524;"Itaquaquecetuba";"SÃO PAULO";"SP";"Sudeste";"";"São Paulo";0;321770;"100%";352801;356774;0,023283719;83;4298,481928;"MAMORU NAKASHIMA";"PTN";"MAMORU NAKASHIMA";"PSDB";86;140,64;5060802,49;14687,81015;"Serviços";597327295;339141760,5;"0,567765383";"Não informado";523,4205038;107548;79468;18562;56429;40247;11609;0,145754981;0,098413828;0,008901181;"73%";0,698411998;0,571905559;0,445084859;"13,1903802";0,714;"Sim";"1992";"Não";0,301445733153201;0,05202733383038;0,222740446332973
3525003;119;-23,53571078;-46,90290065;"Jandira";"SÃO PAULO";"SP";"Sudeste";"";"São Paulo";0;108344;"100%";118832;120177;0,023368713;17,7;6789,661017;"GERALDO TEOTONIO DA SILVA";"PV";"PAULO FERNANDO BARUFI DA SILVA";"PTB";26;14,64;2907439,029;25055,27382;"Serviços";276320215,4;92478379,18;"0,334678297";"Não informado";835,4222222;51467;37251;10395;34840;25312;6923;0,080344573;0,084690989;0,014472211;"95%";0,843614796;0,689908654;0,866296182;"8,51375397";0,76;"Sim";"2006";"Não";0,428259983191459;0,0864974163109414;0,309967797498689
3526209;120;-23,9296701;-47,07041612;"Juquitiba";"SÃO PAULO";"SP";"Sudeste";"";"São Paulo";0;28737;"77%";30642;30837;0,016175968;522,1;59,06339782;"FRANCISCO DE ARAÚJO MELO";"PPS";"AYRES SCORSATTO";"PR";23;2,6;419064,4891;13858,41096;"Serviços";65971275,71;22064521,44;"0,334456492";"Não informado";443,1281481;13953;9723;2489;7726;5210;1371;0,132902441;0,126671966;0,000728438;"11%";0,087088124;0,053629308;0,141904498;"26,27861906";0,709;"Sim";"2007";"Não";0,452475921782275;0,0807147258163894;0,315303045043292
3528502;121;-23,32217821;-46,58508473;"Mairiporã";"SÃO PAULO";"SP";"Sudeste";"";"São Paulo";1;80956;"87%";92323;93981;0,033392289;320,9;292,8669367;"MARCIO CAVALCANTI PAMPURI";"PV";"ANTONIO SHIGUEYUKI AIACYDA";"PSDB";47;64,36;1454760,625;16367,14135;"Serviços";225573002,7;131357441,8;"0,582327851";"36110,91";849,4492121;48414;34820;8705;28266;19920;5636;0,11817013;0,090836241;0,000611079;"34%";0,195680333;0,533371798;0,40006982;"18,75820672";0,788;"Sim";"2006";"Sim";0,515146678583969;0,0926251050744299;0,37050042029772
3529401;122;-23,67202401;-46,45580648;"Mauá";"SÃO PAULO";"SP";"Sudeste";"";"São Paulo";1;417064;"100%";453286;457696;0,021039163;61,3;7466,492659;"DONISETE PEREIRA BRAGA";"PT";"ATILA CESAR MONTEIRO JACOMUSSI";"PSB";111;91,24;10220779,69;23012,72514;"Serviços";985614364,9;694300919,6;"0,70443466";"Não informado";685,26252;203080;152112;36398;143680;109200;24474;0,068533562;0,082616179;0,02448065;"85%";0,808888437;0,653794416;0,769240323;"10,2501025";0,766;"Sim";"1970";"Não";0,443700622247081;0,0795244004754247;0,332342865133189
3530607;123;-23,52867579;-46,19890528;"Mogi Das Cruzes";"SÃO PAULO";"SP";"Sudeste";"";"São Paulo";1;387779;"92%";424633;429321;0,022956966;713,3;601,8799944;"MARCO AURELIO BERTAIOLLI";"PSD";"MARCUS VINICIUS DE ALMEIDA E MELO";"PSDB";200;139,36;12917526,82;31133,54758;"Serviços";1247551479;893708177,1;"0,716369779";"Não informado";923,7457928;216822;165452;31420;154033;117554;23055;0,070747137;0,063869139;0,011045204;"75%";0,702812791;0,519518546;0,755698689;"14,29119258";0,783;"Sim";"2006";"Sim";0,505034694319635;0,0731853321873377;0,385380635934417
3534401;124;-23,52908962;-46,7775951;"Osasco";"SÃO PAULO";"SP";"Sudeste";"";"São Paulo";0;666740;"100%";694844;696382;0,010375252;64;10880,96875;"ANTONIO JORGE PEREIRA LAPAS";"PT";"ROGERIO LINS WANDERLEY";"PTN";220;123,08;55515707,08;80265,37491;"Serviços";1960384166;1486786283;"0,758415778";"Não informado";856,330819;402941;298975;68849;286600;215448;47368;0,067722714;0,077661872;0,021233103;"88%";0,854067255;0,730267829;0,787198046;"12,69344888";0,776;"Sim";"2004";"Sim";0,578620642118837;0,0988667139587181;0,429326145707385
3539103;125;-23,39865267;-47,0032113;"Pirapora Do Bom Jesus";"SÃO PAULO";"SP";"Sudeste";"";"São Paulo";1;15733;"100%";17646;17913;0,029102618;108,8;164,6415441;"#N/D";"#N/D";"#N/D";"#N/D";8;3,1;323919,1471;18952,61524;"Serviços";55340876,9;16976206,42;"0,306757091";"Não informado";548,29;6672;4532;1461;3973;2660;928;0,112452952;0,095015957;NA;"15%";0,149288115;0,115966225;0,14895587;"5,756389592";0,727;"Sim";"2004";"Sem informação";0,372466923463406;0,0815608775749456;0,25300061407916
3539806;126;-23,53048544;-46,34677372;"Poá";"SÃO PAULO";"SP";"Sudeste";"";"São Paulo";0;106013;"98%";113793;114650;0,017862479;17,1;6704,678363;"FRANCISCO PEREIRA DE SOUSA";"PDT";"GIANCARLO LOPES DA SILVA";"PR";23;15,47;5263922,933;46993,0182;"Serviços";416408430,2;296608353,6;"0,71230151";"Não informado";671,9770513;48494;37504;7105;31580;24084;5130;0,092621631;0,067306965;0,016850179;"96%";0,947899675;0,703440725;0,824674087;"11,51288114";0,771;"Sim";"2006";"Não";0,422974269515918;0,0619712167466202;0,327117313563018
3543303;127;-23,71162686;-46,41434144;"Ribeirão Pires";"SÃO PAULO";"SP";"Sudeste";"";"São Paulo";1;113068;"100%";120396;121130;0,015823106;98,8;1226,012146;"SAULO MARIZ BENEVIDES";"PMDB";"ADLER ALFREDO JARDIM TEIXEIRA";"PSB";48;69,8;2660355,141;22380,18643;"Serviços";272403306;159748453,3;"0,586440949";"Não informado";846,6771341;63711;48978;7055;47583;36632;5207;0,059810171;0,062629548;0,017154002;"84%";0,777711908;0,668586494;0,894007308;"15,88044532";0,784;"Sim";"2014";"Não";0,525972096095104;0,0582432097746223;0,404342442004458
3544103;128;-23,74700871;-46,39704364;"Rio Grande Da Serra";"SÃO PAULO";"SP";"Sudeste";"";"São Paulo";0;43974;"100%";48302;48861;0,023746159;36,9;1324,146341;"LUIS GABRIEL FERNANDES DA SILVEIRA";"PSDB";"LUIS GABRIEL FERNANDES DA SILVEIRA";"PSDB";11;6,26;521262,5345;11057,28511;"Serviços";78058243,02;32954707,19;"0,422181001";"Não informado";574,5938182;17358;12963;2596;10214;7711;1709;0,109478686;0,087207714;0,026827603;"67%";0,574886712;0,561058982;0,728331221;"4,19014896";0,749;"Sim";"2006";"Não";0,35525265549211;0,053130308425943;0,265303616381163
3545001;129;-23,53074491;-45,84732142;"Salesópolis";"SÃO PAULO";"SP";"Sudeste";"Centro Local";"São Paulo";1;15635;"64%";16688;16797;0,016427956;425;39,52235294;"BENEDITO RAFAEL DA SILVA";"PR";"VANDERLON OLIVEIRA GOMES";"PR";8;0;164971,119;10021,32906;"Serviços";39356793;12521018,01;"0,318141217";"Não informado";908,1713636;10155;6447;2172;6495;4071;1448;0,096304795;0,084471771;0,006356348;"44%";0,400644675;0,223651108;0,442378316;"30,16409266";0,732;"Sim";"2007";"Sem informação";0,604572245043758;0,129308805143776;0,383818539024826
3546801;130;-23,32035739;-46,22340359;"Santa Isabel";"SÃO PAULO";"SP";"Sudeste";"";"São Paulo";1;50453;"78%";54926;55476;0,021463246;362,7;152,9528536;"GABRIEL GONZAGA BINA";"PV";"FÁBIA DA SILVA PORTO ROSSETTI";"PRB";29;33,71;1309914,166;24355,0901;"Serviços";151360613,5;63029312,93;"0,416418191";"Não informado";621,365;25974;17545;6021;16576;10682;4252;0,104333279;0,072050082;0,011079522;"50%";0,424423882;0,561755506;0,595441469;"31,27126906";0,738;"Sim";"2007";"Sim";0,468202465931214;0,108533419857236;0,316262888456269
3547304;131;-23,44218683;-46,9219365;"Santana De Parnaíba";"SÃO PAULO";"SP";"Sudeste";"";"São Paulo";1;108813;"100%";126574;129261;0,038522548;179,8;718,9154616;"SILVIO ROBERTO CAVALCANTI PECCIOLI";"DEM";"ELVIS LEONARDO CEZAR";"PSDB";58;36,67;7373602,986;60939,87492;"Serviços";786055737;607672600,4;"0,773065537";"Não informado";2272,820654;75607;55658;11310;48812;36618;7062;0,087343081;0,098770468;0,001844318;"66%";0,43459392;0,465133416;0,61447644;"17,76700989";0,814;"Sim";"2006";"Não";0,584917337789434;0,0874973890036438;0,430586178352326
3547809;132;-23,65604729;-46,52136754;"Santo André";"SÃO PAULO";"SP";"Sudeste";"";"São Paulo";1;676407;"100%";710210;712749;0,012266052;174,9;4075,180103;"CARLOS ALBERTO GRANA";"PT";"PAULO HENRIQUE PINTO SERRA";"PSDB";234;143,12;25027925,43;35503,5243;"Serviços";2279671470;1885752564;"0,827203652";"Não informado";1206,945586;498429;389013;72230;401013;318710;53985;0,040671557;0,059958597;0,048732437;"91%";0,866280565;0,793102485;0,769912944;"10,03373313";0,815;"Sim";"2004";"Sim";0,699305084959782;0,101340022925322;0,545792417807671
3548708;133;-23,70140543;-46,55528949;"São Bernardo Do Campo";"SÃO PAULO";"SP";"Sudeste";"";"São Paulo";1;765463;"98%";816925;NA;0,016399624;408,8;2011,355186;"LUIZ MARINHO";"PT";"ORLANDO MORANDO JUNIOR";"PSDB";338;196,9;47668531,31;59149,80402;"Serviços";NA;3102745237;"#DIV/0!";"Não informado";1174,807485;554294;426085;78339;422451;331191;56509;0,051679828;0,067510315;0,044484126;"79%";0,783019658;0,70916482;0,699736514;"13,6785588";0,805;"Sim";"2011";"Sim";NA;NA;NA
3548807;134;-23,62614077;-46,56606253;"São Caetano Do Sul";"SÃO PAULO";"SP";"Sudeste";"";"São Paulo";0;149263;"100%";158024;158825;0,014361416;15,4;10313,31169;"PAULO NUNES PINHEIRO";"PMDB";"JOSE AURICCHIO JUNIOR";"PSDB";72;30,72;15306267,13;97889,94215;"Serviços";1386879699;1198467010;"0,864146335";"Não informado";1804,24568;137566;110933;13949;114002;93957;10949;0,033775709;0,049623931;0,310885957;"100%";0,995110541;0,954915975;0,924133584;"9,541681244";0,862;"Sim";"2006";"Sim";0,866148276404848;0,0878262238312608;0,698460569809539
3549953;135;-23,8507127;-46,94345528;"São Lourenço Da Serra";"SÃO PAULO";"SP";"Sudeste";"";"São Paulo";0;13973;"91%";15177;15323;0,020878526;186,4;82,20493562;"FERNANDO ANTONIO SEME AMED";"PMDB";"ARY ANTONIO DESPEZZIO CINTRA";"SD";20;0,5;220531,3036;14826,6306;"Serviços";37864848,91;14895175,26;"0,393377385";"Não informado";578,4559259;7693;5709;1217;4316;3182;678;0,124014655;0,124118711;0,014433058;"16%";0,140033977;0,032051431;0,181983701;"33,27122704";0,728;"Sim";"2008";"Não";0,502055733211512;0,0794230894733407;0,372577171572146
3550308;100;-23,56007121;-46,65912598;"São Paulo";"SÃO PAULO";"SP";"Sudeste";"Grande Metrópole Nacional";"São Paulo";1;11253503;"99%";11967825;NA;0,015504553;1523,3;7902,694807;"FERNANDO HADDAD";"PT";"JOÃO AGRIPINO DA COSTA DORIA JUNIOR";"PSDB";6036;1888,16;570706191,6;48275,446;"Serviços";NA;43639219257;"#DIV/0!";"Não informado";1413,447912;7622282;5949689;1026589;6229394;4957183;776045;0,037174576;0,05755251;0,085416061;"89%";0,855561586;0,692254311;0,851849209;"12,00414294";0,805;"Sim";"2014";"Sim";NA;NA;NA
3552502;136;-23,54340788;-46,30451286;"Suzano";"SÃO PAULO";"SP";"Sudeste";"";"São Paulo";1;262480;"96%";285280;288056;0,0210424;206,6;1394,269119;"PAULO FUMIO TOKUZUMI";"PSDB";"RODRIGO KENJI DE SOUZA ASHIUCHI";"PR";81;122,62;8998633,452;32193,1649;"Indústria";662631405,4;435616372,8;"0,657403753";"Não informado";668,0495263;121225;94150;16118;78164;59978;11705;0,094373754;0,066075461;0,018060696;"79%";0,725974631;0,692523387;0,568788735;"13,10008108";0,765;"Sim";"2004";"Não";0,420838309217652;0,0559543977559919;0,326846168800511
3552809;137;-23,62642074;-46,78901661;"Taboão Da Serra";"SÃO PAULO";"SP";"Sudeste";"";"São Paulo";1;244528;"100%";272177;275948;0,027142518;20,3;13593,49754;"FERNANDO FERNANDES FILHO";"PSDB";"FERNANDO FERNANDES FILHO";"PSDB";59;40,96;7375289,4;27899,50293;"Serviços";727457591,4;506163933,4;"0,695798545";"Não informado";799,1978327;121735;87358;24250;72722;52134;14324;0,108756878;0,111039466;0,009144991;"92%";0,891761016;0,82308923;0,882641663;"15,28020543";0,769;"Sim";"2006";"Não";0,441151956165654;0,08787887573021;0,316574137156276
3556453;138;-23,60225349;-47,01794339;"Vargem Grande Paulista";"SÃO PAULO";"SP";"Sudeste";"";"São Paulo";0;42997;"100%";48720;49542;0,031732904;42,1;1176,769596;"ROBERTO ROCHA";"PSB";"JOSUÉ SILVEIRA RAMOS";"PR";12;6,87;1496965,277;31841,51782;"Serviços";144396551,2;92663193,15;"0,641727191";"Não informado";926,8441935;26973;20759;3773;16113;12215;2384;0,111891964;0,096165454;0,003313317;"80%";0,728318916;0,788878315;0,830147459;"10,44299171";0,77;"Sim";"2013";"Não";0,544447135763594;0,0761576036494288;0,41901820677405
3502507;501;-22,84429355;-45,22990235;"Aparecida";"SÃO PAULO";"SP";"Sudeste";"Centro de Zona B";"RMVPLN";1;35007;"99%";36217;36248;0,008531331;121,1;299,3228737;"ANTONIO MARCIO DE SIQUEIRA";"PSDB";"ERNALDO CESAR MARCONDES";"PMDB";21;0;749994,0838;20746,15042;"Serviços";114621698,3;58142925,48;"0,507259326";"";733,2339216;20391;13480;4282;15207;9827;3246;0,065255505;0,056962622;0,033553479;"84%";0,790075236;0,55453874;0,535410199;"16,58191466";0,755;"Sim";"2006";"Não";0,562541381593467;0,118130655484441;0,371882586625469
3503158;502;-22,67335886;-44,44909219;"Arapeí";"SÃO PAULO";"SP";"Sudeste";"Centro Local";"RMVPLN";0;2493;"75%";2524;2516;0,003094313;156,8;16,04591837;"EDSON DE SOUZA QUINTANILHA";"PPS";"EDSON ANDRE DE SOUZA";"SD";3;0;22515,76565;8860,986087;"Adm. Pública";13445791,54;2932159,54;"0,218072661";"";454,1114286;975;700;190;644;454;113;0,090456731;0,109519735;0,002352941;"54%";0,315614213;0,266962014;0,182397619;"39,49447077";0,68;"Sim";"2014";"Em elaboração";0,38751987281399;0,075516693163752;0,278219395866455
3503505;503;-22,58151317;-44,69604111;"Areias";"SÃO PAULO";"SP";"Sudeste";"Centro Local";"RMVPLN";1;3696;"67%";3859;3869;0,010847646;305,2;12,67693316;"JOSE ANTONIO FERNANDES";"PSDB";"PAULO HENRIQUE DE SOUZA COUTINHO";"DEM";4;0;34683,70851;9034,568509;"Adm. Pública";15920352,61;4082748,91;"0,256448397";"";397,8525;1351;978;266;829;579;168;0,110534508;0,096262279;NA;"36%";0,238561578;0,327277548;0,337695671;"51,96154845";0,697;"Sim";"2014";"Pleito em Brasília";0,349185836133368;0,0687516154044973;0,252778495735332
3504909;504;-22,67886375;-44,32021836;"Bananal";"SÃO PAULO";"SP";"Sudeste";"Centro Local";"RMVPLN";1;10223;"80%";10775;10821;0,013233942;616;17,56655844;"MIRIAN FERREIRA DE OLIVEIRA BRUNO";"PV";"JORGE DA SILVA RODRIGUES FILHO";"PSDB";4;0;147696,7819;13829,28669;"Serviços";32127234,5;9622299,74;"0,299506008";"";602,3116667;3936;2914;635;2497;1912;342;0,087928445;0,131747448;0,021992495;"48%";0,313007809;0,249074794;0,18975589;"Sem informação";0,733;"Sim";"2014";"Fase de audiência";0,363737177710008;0,058682192034008;0,26929119305055
3508504;505;-23,1080866;-45,70593855;"Caçapava";"SÃO PAULO";"SP";"Sudeste";"";"RMVPLN";1;84752;"86%";91162;91883;0,018394329;370,2;248,1982712;"HENRIQUE LOURIVALDO RINCO DE OLIVEIRA";"PSDB";"FERNANDO CID DINIZ BORGES";"PV";40;23,76;3393999,234;37850,72974;"Indústria";233013259,7;134450605,6;"0,577008389";"";853,9119286;50610;36621;10510;34517;24926;7523;0,079979525;0,069159085;0,012103295;"73%";0,661058239;0,773835983;0,749904767;"9,952889656";0,788;"Sim";"2007";"Não";0,550809181241361;0,114384597803729;0,398561213717445
3508603;506;-22,66818705;-45,00932317;"Cachoeira Paulista";"SÃO PAULO";"SP";"Sudeste";"Centro Local";"RMVPLN";1;30091;"82%";32294;32536;0,017820761;288;112,9722222;"JOÃO LUIZ DO NASCIMENTO RAMOS";"PT";"EDSON MENDES MOTA";"PR";11;0;465339,9534;14637,47455;"Serviços";NA;NA;"";"";744,8490385;14481;10329;3104;9371;6650;2046;0,092062078;0,086934107;0,007650295;"75%";0,679364051;0,572558812;0,483926851;"15,6025713";0,764;"Sim";"2006";"Não";0,445076223260388;0,095402016228178;0,317463732480944
3509700;507;-22,73537005;-45,585928;"Campos Do Jordão";"SÃO PAULO";"SP";"Sudeste";"Centro Local";"RMVPLN";1;47789;"99%";50852;51157;0,015652224;290,5;176,0998279;"FREDERICO GUIDONI SCARANELLO";"PSDB";"FREDERICO GUIDONI SCARANELLO";"PSDB";61;0;909456,2961;18109,08377;"Serviços";168109242,8;87398856,34;"0,519893225";"";662,9654839;30414;21429;7127;21307;14874;5098;0,075758597;0,069304478;0,002500533;"46%";0,269710592;0,248966881;0,276479547;"3,957183277";0,749;"Sim";"2003";"Não";0,594522743710538;0,139316222608832;0,41888695584182
3509957;508;-22,70504289;-45,05342314;"Canas";"SÃO PAULO";"SP";"Sudeste";"Centro Local";"RMVPLN";0;4385;"93%";4852;4914;0,025623111;53,3;92,19512195;"VALDEREZ GOMES DE LUCENA FILHO";"PTB";"LUCEMIR DO AMARAL";"PSDB";5;0;129776,7601;27483,43076;"Serviços";17484485,07;4942247,52;"0,282664745";"";465,6483333;1564;1024;313;847;555;189;0,130319955;0,106156324;0,01151472;"47%";0,212022792;0,55176413;0,072396355;"Sem informação";0,704;"Não";"-";"Sem informação";0,318274318274318;0,0636955636955637;0,208384208384208
3510500;509;-23,62465676;-45,39003392;"Caraguatatuba";"SÃO PAULO";"SP";"Sudeste";"Centro Local";"RMVPLN";1;100840;"96%";113317;115071;0,029592945;485,4;237,0642769;"ANTÔNIO CARLOS DA SILVA";"PSDB";"JOSE PEREIRA DE AGUILAR JUNIOR";"PMDB";74;32,94;2422613,173;22088,41494;"Serviços";555236819,5;313059798,8;"0,563831122";"";881,3797917;57897;36412;17138;34088;20664;10819;0,119969068;0,096363588;0,0480829;"64%";0,604593943;0,666951988;0,613248465;"19,7266956";0,759;"Sim";"2011";"Sim";0,503141538702193;0,14893413631584;0,316430725378245
3513405;510;-22,57779879;-44,96674879;"Cruzeiro";"SÃO PAULO";"SP";"Sudeste";"Centro de Zona A";"RMVPLN";0;77039;"97%";81082;81406;0,012869407;305,7;266,293752;"ANA KARIN DIAS DE ALMEIDA ANDRADE";"PR";"THALES GABRIEL FONSECA";"SD";21;0;1925411,868;23945,52617;"Serviços";NA;NA;"";"";761,5754783;37616;25604;9516;27291;18987;6634;0,061622938;0,074820134;0,006291327;"87%";0,841018057;0,700166789;0,513725109;"8,668838004";0,788;"Sim";"2013";"Não";0,462078962238656;0,116895560523794;0,314522271085669
3513603;511;-23,07552232;-44,95983269;"Cunha";"SÃO PAULO";"SP";"Sudeste";"Centro Local";"RMVPLN";0;21866;"56%";22086;22007;0,002505886;1407,3;15,63774604;"OSMAR FELIPE JUNIOR";"PSDB";"ROLIEN GUARDA GARCIA";"PSB";6;0;167290,7782;7518,348759;"Serviços";49577101,67;16563076,5;"0,334087229";"";405,8357895;11027;6499;3768;6618;3794;2394;0,113652874;0,094957719;0,000462664;"32%";0,170198861;0,208140279;0,136868419;"9,022420715";0,684;"Sim";"2006";"Não";0,501067842050257;0,171218248739038;0,295315127005044
3518404;512;-22,79707813;-45,18368632;"Guaratinguetá";"SÃO PAULO";"SP";"Sudeste";"Centro Subregional B";"RMVPLN";1;112072;"95%";119073;119753;0,015264132;752,4;159,1613503;"FRANCISCO CARLOS MOREIRA DOS SANTOS";"PSDB";"MARCUS AUGUSTIN SOLIVA";"PSB";49;26,04;4120222,672;35017,14789;"Serviços";290569901,5;154372598,2;"0,531275254";"";931,0595652;65880;45977;15266;47830;33468;11304;0,065570464;0,06193668;0,012755361;"70%";0,683204633;0,570086773;0,673556378;"14,3607765";0,798;"Sim";"2006";"Não";0,550132355765618;0,127479061067364;0,383931926548813
3520202;513;-23,20720677;-46,15831467;"Igaratá";"SÃO PAULO";"SP";"Sudeste";"Centro Local";"RMVPLN";0;8831;"79%";9349;9397;0,014352301;293;32,07167235;"ELZO ELIAS DE OLIVEIRA SOUZA";"PR";"CELSO FORTES PALAU";"PSDB";14;0;144875,1737;15660,48791;"Serviços";32408034,9;14532851,22;"0,448433583";"";758,88;5092;3692;1021;3095;2099;734;0,119566386;0,068232868;NA;"26%";0,19573505;0,28522923;0,214330945;"32,25459628";0,711;"Sim";"2011";"Em elaboração";0,541875066510588;0,108651697350218;0,39289134830265
3520400;514;-23,82213313;-45,36546632;"Ilhabela";"SÃO PAULO";"SP";"Sudeste";"Centro Local";"RMVPLN";1;28196;"99%";32197;32782;0,033729658;347,5;94,33669065;"ANTONIO LUIZ COLUCCI";"PPS";"MARCIO BATISTA TENÓRIO";"PMDB";30;9,22;3256711,638;105112,8567;"Indústria";440112551,6;113833292,8;"0,258645868";"1412796,6";725,8927941;16540;8489;6947;9489;4611;4239;0,129827867;0,103841649;0,001805059;"54%";0,205577937;0,460427043;0,46347092;"18,98794266";0,756;"Sim";"2006";"Não";0,504545177231407;0,211915075346227;0,258953084009517
3524402;515;-23,30308173;-45,95987483;"Jacareí";"SÃO PAULO";"SP";"Sudeste";"";"RMVPLN";0;211214;"99%";226539;228214;0,017665542;459,7;496,4411573;"HAMILTON RIBEIRO MOTA";"PT";"IZAIAS JOSÉ DE SANTANA";"PSDB";130;115,08;8290851,208;37168,03791;"Indústria";765019828,4;544220064,5;"0,711380339";"889628,6";829,3177273;122982;91837;22025;89798;66524;16749;0,066615441;0,056295445;0,021538765;"72%";0,686514444;0,680342164;0,663059899;"17,34674815";0,777;"Sim";"2003";"Sim";0,538888937576135;0,0965102929706328;0,40241615325966
3524907;516;-23,25699036;-45,69483442;"Jambeiro";"SÃO PAULO";"SP";"Sudeste";"Centro Local";"RMVPLN";1;5349;"48%";6092;6200;0,033051147;184,3;33,64080304;"ALTEMAR MACHADO MENDES RIBEIRO";"DEM";"CARLOS ALBERTO DE SOUZA";"SD";11;0;289511,5357;49337,34419;"Indústria";31675494,67;16186276,32;"0,511003111";"Não informado";758,29;2454;1803;378;1243;933;167;0,140834948;0,177484139;0,002277328;"33%";0,267375169;0,237795209;0,208080297;"33,43922421";0,756;"Sim";"2015";"Em elaboração";0,395806451612903;0,0609677419354839;0,290806451612903
3526308;517;-23,08902791;-45,19160917;"Lagoinha";"SÃO PAULO";"SP";"Sudeste";"Centro Local";"RMVPLN";0;4841;"65%";4954;4949;0,005785175;255,5;19,36986301;"JOSÉ GALVÃO DA ROCHA";"PSDB";"CLAUDIO HENRIQUE DA SILVA";"PMDB";4;0;46033,7126;9269,777004;"Serviços";17346700,05;4987684,33;"0,287529289";"Não informado";573,93;3389;1870;1202;2151;1136;827;0,104822868;0,077655108;0,008439646;"37%";0,357076431;0,26519351;0,160964181;"Sem informação";0,693;"Não";"-";"Sem informação";0,684784805011113;0,242877348959386;0,377854111941806
3526605;518;-22,56045715;-44,9268443;"Lavrinhas";"SÃO PAULO";"SP";"Sudeste";"Centro Local";"RMVPLN";0;6590;"92%";7052;7102;0,017083766;167,1;42,50149611;"JOSE LUIZ DA CUNHA";"PSDB";"SERGIO RUGGERI DE MELO";"PTB";15;0;102436,1111;14739,00879;"Serviços";21874985,5;8201677,59;"0,374934081";"Não informado";486,264;2757;1924;607;1758;1135;414;0,111326937;0,079537343;0,002531701;"63%";0,433159564;0,579408727;0,386206286;"Sem informação";0,729;"Não";"-";"Sem informação";0,388200506899465;0,085468882005069;0,270909602928752
3527207;519;-22,74168361;-45,11272389;"Lorena";"SÃO PAULO";"SP";"Sudeste";"Centro de Zona B";"RMVPLN";0;82537;"97%";87178;87584;0,013770281;414,4;211,3513514;"FABIO MARCONDES";"PSDB";"FABIO MARCONDES";"PSDB";18;0;1630272,076;18882,65838;"Serviços";185221583,2;89940901,01;"0,485585424";"Não informado";858,695;42326;28627;10957;30810;21112;7727;0,062794485;0,072348997;0,008468267;"82%";0,772504847;0,70356606;0,530864505;"20,74593149";0,766;"Sim";"1995";"Não";0,483261782974059;0,125102758494702;0,326851936426745
3531704;520;-22,95458319;-45,84047263;"Monteiro Lobato";"SÃO PAULO";"SP";"Sudeste";"Centro Local";"RMVPLN";1;4120;"43%";4467;4509;0,020421696;333,3;13,52835284;"DANIELA DE CASSIA SANTOS";"PSB";"DANIELA DE CÁSSIA SANTOS BRITO";"PSB";10;0;50559,83512;11540,70649;"Serviços";16411033,66;4284606,25;"0,261080828";"Não informado";590,84875;2781;1808;551;2611;1488;554;0,039726466;-0,001085386;0,005147059;"21%";0,183445574;0,234297691;0,221797691;"45,2079566";0,71;"Não";"-";"Sem informação";0,616766467065868;0,122200044355733;0,400975826125527
3532306;521;-23,41513124;-45,38144812;"Natividade Da Serra";"SÃO PAULO";"SP";"Sudeste";"Centro Local";"RMVPLN";1;6678;"42%";6786;6770;0,004018835;833,4;8,123350132;"BENEDITO CARLOS DE CAMPOS SILVA";"PSDB";"MARIA DE LOURDES DE OLIVEIRA CARVALHO";"PPS";15;0;53987,65886;7914,918467;"Adm. Pública";25168933,14;9132476,43;"0,362847181";"Não informado";458,0789474;2411;1569;593;1511;945;397;0,106721194;0,083559683;NA;"20%";0,193414125;0,197560778;0,191119072;"Sem informação";0,655;"Não";"-";"Sem informação";0,356129985228951;0,0875923190546529;0,231757754800591
3535606;522;-23,38002949;-45,66692442;"Paraibuna";"SÃO PAULO";"SP";"Sudeste";"Centro Local";"RMVPLN";0;17388;"30%";18125;18166;0,01043201;809,6;22,43824111;"ANTÔNIO MARCOS DE BARROS";"DEM";"VICTOR DE CASSIO MIRANDA";"PSDB";34;0;243182,9834;13480,20972;"Serviços";60420164,86;33885665,53;"0,560833715";"Não informado";619,541;9315;6595;1994;5672;3956;1203;0,107622332;0,106348383;0,000584795;"30%";0,287357862;0,22762566;0,193296214;"44,24044683";0,719;"Sim";"2013";"Sim";0,512771110866454;0,109765495981504;0,363040845535616
3538006;523;-22,93363539;-45,4605404;"Pindamonhangaba";"SÃO PAULO";"SP";"Sudeste";"";"RMVPLN";1;146995;"96%";160614;162327;0,022398512;729,9;222,3962187;"VITO ARDITO LERARIO";"PSDB";"ISAEL DOMINGUES";"PR";72;79,84;5631210,787;35853,42595;"Indústria";414346175;255203843,9;"0,615919391";"Não informado";790,6482682;82869;57550;19181;56662;39494;13084;0,078208723;0,079508688;0,043971278;"83%";0,773512517;0,750092347;0,625217863;"17,62513848";0,773;"Sim";"2006";"Não";0,510506570071522;0,118162720927511;0,354531285614839
3538501;524;-22,61018702;-45,18449932;"Piquete";"SÃO PAULO";"SP";"Sudeste";"Centro Local";"RMVPLN";0;14107;"94%";14123;14048;0,000283427;176;79,81818182;"ANA MARIA DE GOUVEA";"PT";"ANA MARIA DE GOUVÊA";"PSB";5;0;125743,7916;8806,821093;"Serviços";28430028,37;8299270,93;"0,291919193";"Não informado";682,9813043;5558;4044;1080;4040;2904;783;0,068471413;0,06643011;0,007138697;"71%";0,603809371;0,349188957;0,521724961;"7,042749489";0,757;"Não";"-";"Sem informação";0,395643507972665;0,076879271070615;0,287870159453303
3540754;525;-22,83808574;-45,25701523;"Potim";"SÃO PAULO";"SP";"Sudeste";"Centro Local";"RMVPLN";0;19397;"76%";22453;22911;0,037253604;44,5;514,8539326;"BENITO CARLOS THOMAZ";"PMN";"ERICA SOLER SANTOS DE OLIVEIRA";"PR";4;0;163328,4943;7596,320835;"Adm. Pública";42056688,2;9221921,51;"0,219273602";"Não informado";427,6163636;5544;3332;1787;2974;1713;999;0,142324591;0,123341524;NA;"48%";0,493986336;0,516019493;0,352263808;"4,548762737";0,697;"Não";"-";"Não";0,241979835013749;0,0779974684649295;0,145432325084021
3541901;526;-22,53644873;-44,77237696;"Queluz";"SÃO PAULO";"SP";"Sudeste";"Centro Local";"RMVPLN";0;11309;"82%";12600;12777;0,027392959;249,8;51,14891914;"ANA BELA COSTA TORINO";"PMDB";"LAURINDO JOAQUIM DA SILVA GARCEZ";"PSDB";9;0;181159,2051;14807,8474;"Serviços";31457286,76;10950886,37;"0,348119228";"Não informado";549,6055556;3435;2379;740;2272;1572;480;0,086396556;0,090430766;0,000285388;"72%";0,566159253;0,7009162;0,586218485;"32,20871246";0,722;"Não";"-";"Sem informação";0,268842451279643;0,0579165688346247;0,186193942239962
3542305;527;-23,25366985;-45,52616445;"Redenção Da Serra";"SÃO PAULO";"SP";"Sudeste";"Centro Local";"RMVPLN";0;3873;"57%";3930;3919;0,003659185;309,4;12,6664512;"BENEDITO MANOEL DE MORAIS";"PMDB";"RICARDO EVANGELISTA LOBATO";"PTB";3;0;44010,06344;11136,14966;"Adm. Pública";15790116,27;4342286,82;"0,275000307";"Não informado";450,7576923;1880;1176;459;1266;811;306;0,077152747;0,084471771;NA;"14%";0,128510655;0,180185084;0,143248856;"Sem informação";0,657;"Não";"-";"Sem informação";0,47971421280939;0,117121714723144;0,300076550140342
3544301;528;-22,89294236;-45,30157155;"Roseira";"SÃO PAULO";"SP";"Sudeste";"Centro Local";"RMVPLN";0;9599;"95%";10344;10429;0,018862622;130,7;79,79342005;"JONAS POLYDORO";"PT";"JONAS POLYDORO";"PSD";5;0;207925,6082;20449,01733;"Serviços";34418163,68;10904245,5;"0,316816597";"Não informado";604,2246154;4843;3374;1041;3414;2343;779;0,075658858;0,059699317;0,008195401;"72%";0,469201318;0,599316337;0,405721704;"9,749439407";0,737;"Não";"-";"Sem informação";0,464378176239333;0,0998178157062038;0,323520951193787
3546009;529;-23,39936776;-45,8843195;"Santa Branca";"SÃO PAULO";"SP";"Sudeste";"Centro Local";"RMVPLN";0;13763;"88%";14534;14601;0,013719992;275,3;53,03668725;"ADRIANO PEREIRA";"PT";"CELSO SIMÃO LEITE";"PSDB";7;0;237226,3869;16479,77679;"Indústria";42731120,58;14607465,08;"0,341846057";"Não informado";670,7908824;6046;4647;968;4008;3025;643;0,089656111;0,085257702;0,000166168;"49%";0,468623339;0,219884434;0,176050008;"55,30591082";0,735;"Não";"-";"Sem informação";0,414081227313198;0,0662968289843161;0,318265872200534
3548203;530;-22,82591668;-45,66486636;"Santo Antônio Do Pinhal";"SÃO PAULO";"SP";"Sudeste";"Centro Local";"RMVPLN";1;6486;"59%";6767;6784;0,010659373;133;51,0075188;"CLODOMIRO CORREIA DE TOLEDO JUNIOR";"PT";"CLODOMIRO CORREIA DE TOLEDO JUNIOR";"PSD";13;0;78388,32619;11642,40698;"Serviços";26879551,67;8096963,46;"0,301231343";"Não informado";867,5933333;3952;2597;925;2264;1449;548;0,123778484;0,110381545;0,034537186;"31%";0,174845207;0,347520477;0,167691966;"14,81481481";0,706;"Sim";"2013";"Em elaboração";0,582547169811321;0,136350235849057;0,3828125
3548609;531;-22,69404474;-45,73744626;"São Bento Do Sapucaí";"SÃO PAULO";"SP";"Sudeste";"Centro Local";"RMVPLN";1;10468;"48%";10864;10880;0,009326116;252,6;43,07205067;"ILDEFONSO MENDES NETO";"PSDB";"RONALDO RIVELINO VENÂNCIO";"PV";4;0;146826,3146;13556,11805;"Serviços";29045779,86;9388512,28;"0,323231544";"Não informado";601,320625;5376;3687;1231;3407;2368;755;0,092592683;0,102712304;0,024371084;"38%";0,329553284;0,184687192;0,198636597;"9,218289086";0,72;"Não";"-";"Sem informação";0,494117647058824;0,113143382352941;0,338878676470588
3549607;532;-22,64319799;-44,57965549;"São José Do Barreiro";"SÃO PAULO";"SP";"Sudeste";"Centro Local";"RMVPLN";1;4077;"70%";4185;4183;0,006557728;571;7,325744308;"JOSÉ MILTON DE MAGALHÃES SERAFIM";"PSDB";"ALEXANDRE DE SIQUEIRA BRAGA";"PMDB";5;0;41868,46515;9992,473783;"Adm. Pública";19986137,67;5270189,52;"0,263692245";"Não informado";544,5766667;1352;956;291;840;612;150;0,093304899;0,141721938;0,002777778;"47%";0,273851254;0,312560061;0,105961788;"Sem informação";0,684;"Não";"-";"Sem informação";0,32321300502032;0,0695672961989003;0,228544107100167
3549904;500;-23,20648739;-45,886193;"São José Dos Campos";"SÃO PAULO";"SP";"Sudeste";"Capital Regional C";"RMVPLN";1;629921;"98%";688597;695992;0,02251517;1099,8;632,8350609;"CARLOS JOSE DE ALMEIDA";"PT";"FELÍCIO RAMUTH";"PSDB";316;270,12;27401017,04;40699,31458;"Serviços";2596017057;2079325880;"0,800967727";"7903350,01";1271,023132;402274;314069;59631;303954;236412;47912;0,058451861;0,044733591;0,119639528;"84%";0,826460361;0,825633152;0,821758428;"13,50883066";0,807;"Sim";"2006";"Sim";0,577986528580788;0,0856777089391832;0,451253750043104
3550001;533;-23,22328971;-45,31177803;"São Luís Do Paraitinga";"SÃO PAULO";"SP";"Sudeste";"Centro Local";"RMVPLN";1;10397;"59%";10731;10735;0,007936187;617,3;17,39024785;"ALEX EUZÉBIO TORRES";"PR";"ANA LUCIA BILARD SICHERLE";"PSDB";18;0;135019,6376;12593,94064;"Serviços";34232519,3;11546487,47;"0,337295873";"Não informado";505,7353571;5414;3613;1342;3381;2271;794;0,097312093;0,110673481;0,052459956;"43%";0,334000534;0,282624072;0,115365275;"Sem informação";0,697;"Sim";"2010";"Não";0,504331625523987;0,125011644154634;0,336562645551933
3550704;534;-23,80249423;-45,404811;"São Sebastião";"SÃO PAULO";"SP";"Sudeste";"Centro de Zona B";"RMVPLN";1;73942;"99%";83020;84294;0,029373264;400,4;210,5244755;"ERNANE BILOTTE PRIMAZZI";"PSC";"FELIPE AUGUSTO";"PSDB";126;24,62;5772025,891;71810,12318;"Serviços";568791809,2;354308662,9;"0,622914496";"Não informado";815,6771429;31905;19692;9524;19135;11717;5910;0,10941665;0,100136012;0,007110089;"49%";0,319649754;0,629298707;0,579984768;"24,474412";0,772;"Não";"-";"Não";0,378496690155883;0,112985503120032;0,233610933162503
3552007;535;-22,66359374;-44,85164341;"Silveiras";"SÃO PAULO";"SP";"Sudeste";"Centro Local";"RMVPLN";0;5792;"50%";6158;6193;0,01543653;414,8;14,93008679;"EDSON MENDES MOTA";"PR";"GUILHERME CARVALHO DA SILVA";"PSDB";6;0;52373,86361;8609,874011;"Adm. Pública";24690077,55;7355411,04;"0,297909596";"Não informado";474,0892308;2743;1807;729;1844;1233;466;0,079441262;0,09362473;NA;"30%";0,250589119;0,196015362;0,165809733;"32,67439961";0,678;"Não";"-";"Sem informação";0,442919425157436;0,11771354755369;0,291781043113192
3554102;536;-23,02903589;-45,562565;"Taubaté";"SÃO PAULO";"SP";"Sudeste";"";"RMVPLN";1;278686;"98%";302331;305174;0,020567848;624,9;488,356537;"JOSE BERNARDO ORTIZ MONTEIRO JUNIOR";"PSDB";"JOSE BERNARDO ORTIZ MONTEIRO JUNIOR";"PSDB";164;139,74;14988466,12;50563,0859;"Indústria";1013672915;725290474,4;"0,715507402";"1340897,64";1031,671795;199067;134032;53062;148225;101347;38542;0,057497916;0,066031097;0,021112522;"91%";0,889939869;0,832592843;0,737685182;"11,6891488";0,8;"Sim";"2011";"Sim";0,652306552982888;0,173874576471128;0,439198621114512
3554805;537;-22,9773815;-45,54413557;"Tremembé";"SÃO PAULO";"SP";"Sudeste";"";"RMVPLN";0;40984;"90%";44912;45414;0,023144592;191,4;237,2727273;"MARCELO VAQUELI";"PSB";"MARCELO VAQUELI";"PSB";22;10,75;528931,3194;12056,51386;"Serviços";105179220;45834160,56;"0,435772014";"Não informado";825,3524138;18381;12852;4185;11471;7810;2852;0,104749813;0,079715133;0,003521904;"66%";0,601158276;0,603157883;0,380777081;"11,2615149";0,785;"Sim";"2014";"Sim";0,404743030783459;0,0921521997621879;0,282996432818074
3555406;538;-23,4589649;-45,06760375;"Ubatuba";"SÃO PAULO";"SP";"Sudeste";"Centro Local";"RMVPLN";1;78801;"98%";86392;87364;0,023258709;710,8;122,9093979;"MAURICIO HUMBERTO FORNARI MOROMIZATO";"PT";"DELCIO JOSÉ SATO";"PSD";90;28,61;1457786,126;17277,05566;"Serviços";279143433,7;170382089;"0,610374698";"Não informado";763,3704639;39188;23257;13679;22558;12933;8337;0,124529578;0,10410127;0,012418737;"39%";0,370790503;0,497178548;0,365383498;"15,22266069";0,751;"Sim";"2006";"Sim";0,448560047616867;0,156574790531569;0,266208049082002
