CODMUNDV;NOME_MUNIC;NOME_UF;UF;REG;CENTR;RM;MUN_HIS_TUR;POP_2010;POP_URB_10;POP_2015;POP_2016;TXC_POP_10_16;AREA;DENS_2016;PART_12;PART_16;ANTEN_TOTAL;AREA_URB;PIB;PIB_PER_CAP;PRIN_ATIVIDADE;RENDA;VEIC_2016;AUTO_2016;MOTO_2016;VEIC_2010;AUTO_2010;MOTO_2010;TXC_AUTO_10_16;TXC_MOTO_10_16;ACESS;PAV;CAL;ARB;LOGR;TX_ACID_TRAN;IDH;PD;PD_ANO;PDMU;Zona;LON;LAT;dif_EuclRede
3554003;Tatuí;SÃO PAULO;SP;Sudeste;Centro de Zona A;RMS;1;107326;0,952760748;116682;117823;0,021115175;523,5;225,0678128;PMDB;PSDB;47;22,22;3348512,874;29292,23782;Serviços;790,3744195;75927;44675;25695;51807;30073;17806;0,082374523;0,076109463;0,00994269;0,835968823;0,783627041;0,597761042;0,65577864;24,23927628;0,752;1;2006;0;624;-47,85295506;-23,34965604;2635,842226
3512803;Cosmópolis;SÃO PAULO;SP;Sudeste;;RMC;0;58827;0,928723205;66807;67960;0,032312812;154,7;439,3018746;PMDB;PT;16;10,52;1229257,155;19083,39914;Serviços;824,0406818;36189;24686;8746;26989;18347;6707;0,061150866;0,054523429;0,005862132;0,788408075;0,760700128;0,865307838;0,780695776;22,85609801;0,769;1;2007;0;203;-47,19150068;-22,63721869;4335,881675
3541000;Praia Grande;SÃO PAULO;SP;Sudeste;;RMBS;1;262051;1;299261;304705;0,033751316;147,5;2065,79661;PSDB;PSDB;126;121,74;4955164,403;17207,40364;Serviços;963,4168567;126038;78312;39267;75592;45985;24980;0,112352474;0,094679683;0,050709838;0,902884833;0,888636512;0,729957495;0,704463662;9,533699927;0,754;1;2006;1;307;-46,50370541;-24,0288749;6749,941231
3537909;Pilar Do Sul;SÃO PAULO;SP;Sudeste;Centro Local;RMS;0;26406;0,785730516;28309;28516;0,017549341;681,1;41,86756717;PSDB;DEM;10;0;446983,2204;16032,39671;Serviços;529,6022727;18758;12177;4561;11386;7151;3004;0,112332702;0,087106341;0,006877058;0,539251271;0,511890171;0,433192456;0,486851146;35,59098836;0,69;1;1980;0;616;-47,72318022;-23,81015807;4275,08388
3531100;Mongaguá;SÃO PAULO;SP;Sudeste;;RMBS;1;46293;0,995636489;52492;53384;0,031916243;142,1;375,6790992;PSDB;PSDB;21;35,34;692370,577;13672,13477;Serviços;718,9387368;19485;13418;4431;10192;6622;2663;0,151700942;0,107200101;0,027259648;0,802723707;0,805807119;0,57042747;0,770557;13,57115161;0,754;1;2006;1;305;-46,69409764;-24,12285785;8982,359183
3519055;Holambra;SÃO PAULO;SP;Sudeste;Centro Local;RMC;1;11299;0,724311886;13375;13698;0,043069978;65,6;208,8109756;PTB;PTB;10;0;603033,2778;47456,77798;Serviços;1056,1008;8245;5605;1662;5795;3794;1325;0,081174161;0,046364575;0,020074079;0,396503774;0,367134257;0,405180392;0,360353787;15,33036946;0,793;1;2007;;205;-47,04947669;-22,63192176;4986,157009
3530607;Mogi Das Cruzes;SÃO PAULO;SP;Sudeste;;RMSP;1;387779;0,921434632;424633;429321;0,022956966;713,3;601,8799944;PSD;PSDB;200;139,36;12917526,82;31133,54758;Serviços;923,7457928;216822;165452;31420;154033;117554;23055;0,070747137;0,063869139;0,011045204;0,74590617;0,702812791;0,519518546;0,755698689;14,29119258;0,783;1;2006;1;123;-46,19890528;-23,52867579;4311,444916
3556354;Vargem;SÃO PAULO;SP;Sudeste;Centro Local;MR Bragança;0;8801;0,502329281;9854;10000;0,02865593;142,8;70,0280112;DEM;PSD;8;0;93817,51311;9823,823362;Serviços;642,56375;5379;3741;1076;3198;2159;647;0,116212838;0,10708661;0,001811594;0,24419914;0,221633453;0,244665356;0,250753827;51,52514427;0,699;1;2000;;909;-46,41447341;-22,89019059;6437,981855
3545803;Santa Bárbara D'Oeste;SÃO PAULO;SP;Sudeste;;RMC;1;180009;0,992150392;190139;191024;0,013781231;271,5;703,587477;PV;PV;51;66,87;5129705,865;27241,90856;Serviços;837,4727778;131875;90037;33890;98779;65694;27579;0,065072232;0,042074121;0,010659084;0,937900438;0,913883855;0,933036578;0,726381154;12,68277732;0,781;1;2006;0;215;-47,409337;-22,75871707;3261,10506
3502754;Araçariguama;SÃO PAULO;SP;Sudeste;;RMS;1;17080;1;20114;20581;0,04172394;146,3;140,6766917;PSDB;PV;20;3,25;1388165,931;72511,80166;Indústria;731,502;8977;6121;1690;5201;3439;1009;0,122220094;0,108661861;0,001262395;0,471550966;0,450297055;0,439197751;0,420788502;15,2780607;0,704;0;;0;603;-47,07237502;-23,43443388;3423,933704
3553500;Tapiraí;SÃO PAULO;SP;Sudeste;Centro Local;RMS;0;8012;0,714927609;8047;8010;0,001090327;755,1;10,60786651;PSB;PSDB;5;0;118107,9166;14536,35896;Agropecuária;479,0393333;3057;2130;533;2017;1383;353;0,090213322;0,085901669;0,002492212;0,321526794;0,157122143;0,374218574;0,138739884;24,73716759;0,681;1;2011;0;623;-47,50401966;-23,96045851;7192,744319
3513504;Cubatão;SÃO PAULO;SP;Sudeste;;RMBS;1;118720;1;127006;127887;0,017009682;142,4;898,0828652;PT;PSDB;60;77,04;7722279,592;61690,38962;Serviços;673,149235;49699;30285;12215;37433;22235;9333;0,063746365;0,055296362;0,04486001;0,55573691;0,544676475;0,490386847;0,433669723;18,23876928;0,737;1;1998;0;302;-46,42801615;-23,89683525;5342,174619
3538204;Pinhalzinho;SÃO PAULO;SP;Sudeste;Centro Local;MR Bragança;1;13105;0,492560092;14423;14595;0,024246868;154,5;94,46601942;PV;DEM;10;0;203690,3072;14480,01047;Serviços;658,7246667;8262;5865;1596;5050;3420;1083;0,113905587;0,08063962;0,000621118;0,33675162;0,316950779;0,325169628;0,241385896;35,09510774;0,725;0;;;906;-46,59085815;-22,78379708;7495,4005
3501608;Americana;SÃO PAULO;SP;Sudeste;;RMC;1;210638;0,995328478;229322;231621;0,021473842;133,4;1736,289355;PMDB;PMDB;81;107,15;9890708,533;44046,60203;Serviços;1162,862299;165284;120641;32611;124241;89169;26548;0,062322076;0,041996983;0,046516955;0,968001798;0,936911346;0,962257658;0,787061611;20,26699564;0,811;1;2008;0;201;-47,32259974;-22,74050887;3128,691334
3546801;Santa Isabel;SÃO PAULO;SP;Sudeste;;RMSP;1;50453;0,784710523;54926;55476;0,021463246;362,7;152,9528536;PV;PRB;29;33,71;1309914,166;24355,0901;Serviços;621,365;25974;17545;6021;16576;10682;4252;0,104333279;0,072050082;0,011079522;0,495079233;0,424423882;0,561755506;0,595441469;31,27126906;0,738;1;2007;1;130;-46,22340359;-23,32035739;3495,662613
3511508;Cerquilho;SÃO PAULO;SP;Sudeste;Centro Local;RMS;0;39617;0,948254537;45142;45947;0,033177174;127,8;359,5226917;PTB;PSDB;11;0;1471018,781;33837,5263;Indústria;959,4403922;26811;19038;5680;19064;13277;4257;0,07474213;0,059373091;0,004617336;0,895026278;0,848464541;0,90246088;0,74639903;24,81949458;0,782;1;1971;0;607;-47,74337478;-23,16724295;4145,187518
3554508;Tietê;SÃO PAULO;SP;Sudeste;Centro de Zona B;RMS;0;36835;0,909162481;40194;40613;0,022057051;404,8;100,3285573;PSD;PSDB;21;0;1531636,716;38949,15867;Serviços;926,1237736;25135;17280;5300;18372;12666;3713;0,064096099;0,073767325;0,006146822;0,749116636;0,716575441;0,604642367;0,622282374;7,544322897;0,778;1;2006;0;625;-47,71523483;-23,10930776;3583,998348
3524709;Jaguariúna;SÃO PAULO;SP;Sudeste;;RMC;1;44311;0,971158403;51907;53069;0,040347899;141,8;374,2524683;PTB;PMDB;26;14,08;6163747,609;124527,7008;Serviços;927,9127848;36641;24161;9614;25314;16305;6959;0,081829501;0,066771627;0,039005137;0,586104314;0,537666901;0,521807277;0,627251038;11,82988624;0,784;1;1985;0;209;-46,9875688;-22,6934986;4773,413261
3530904;Mombuca;SÃO PAULO;SP;Sudeste;Centro Local;AUP;0;3266;0,822106552;3441;3456;0,013134543;133,7;25,84891548;PR;PR;5;0;59970,70362;17581,56072;Agropecuária;699,1414286;1666;1193;278;1049;733;183;0,102319002;0,087223275;;0,552782649;0,534220323;0,474389531;0,109256974;116,7542323;0,719;0;;0;715;-47,56361015;-22,93152948;4498,773942
3538600;Piracaia;SÃO PAULO;SP;Sudeste;;MR Bragança;1;25116;1;26688;26841;0,015292992;385;69,71688312;PSDB;PSB;13;3,77;364053,3304;13805,06353;Serviços;683,6455556;16365;10398;4712;10359;6365;3169;0,103139107;0,082571547;0,001401337;0,552621556;0,489296952;0,211712568;0,372027306;33,92130258;0,739;1;2007;0;907;-46,35936002;-23,05287742;5227,74491
3510302;Capela Do Alto;SÃO PAULO;SP;Sudeste;Centro Local;RMS;0;17532;0,82831394;19482;19747;0,026716447;169,9;116,2271925;PV;PPS;8;0;244975,7602;12939,08838;Serviços;589,6136667;10135;6406;2727;6126;3768;1699;0,111975473;0,099254752;0,007465594;0,478808227;0,346875208;0,567534966;0,386481052;26,02540079;0,699;1;1968;;606;-47,73774679;-23,46850596;4500,099318
3533403;Nova Odessa;SÃO PAULO;SP;Sudeste;;RMC;0;51242;0,983704773;56764;57504;0,025915827;73,8;779,1869919;PSDB;PSDB;25;18,53;2404549,6;43537,80803;Serviços;857,5353684;39392;28175;8586;27971;19434;6699;0,077110713;0,050887391;0,024162739;0,795539478;0,745573383;0,782333515;0,794779445;5,35637766;0,791;1;2012;0;212;-47,28513663;-22,78426041;3444,532087
3536505;Paulínia;SÃO PAULO;SP;Sudeste;;RMC;0;82146;0,999074818;97702;100128;0,044309571;138,8;721,3832853;PSB;PP;47;37,67;12153538,62;131151,4074;Serviços;1211,699758;65223;47879;9978;46217;33443;8057;0,074404871;0,04369602;0,019191957;0,923798671;0,736912258;0,919109851;0,922944072;16,80301614;0,795;1;2006;0;213;-47,1450701;-22,74835841;5629,681849
3552502;Suzano;SÃO PAULO;SP;Sudeste;;RMSP;1;262480;0,964797318;285280;288056;0,0210424;206,6;1394,269119;PSDB;PR;81;122,62;8998633,452;32193,1649;Indústria;668,0495263;121225;94150;16118;78164;59978;11705;0,094373754;0,066075461;0,018060696;0,79363907;0,725974631;0,692523387;0,568788735;13,10008108;0,765;1;2004;0;136;-46,30451286;-23,54340788;3917,407956
3544103;Rio Grande Da Serra;SÃO PAULO;SP;Sudeste;;RMSP;0;43974;1;48302;48861;0,023746159;36,9;1324,146341;PSDB;PSDB;11;6,26;521262,5345;11057,28511;Serviços;574,5938182;17358;12963;2596;10214;7711;1709;0,109478686;0,087207714;0,026827603;0,66726826;0,574886712;0,561058982;0,728331221;4,19014896;0,749;1;2006;0;128;-46,39704364;-23,74700871;5017,277733
3537107;Pedreira;SÃO PAULO;SP;Sudeste;;RMC;1;41558;0,991602098;45579;46094;0,023357881;109,2;422,1062271;PT;PSB;13;11,22;941568,2252;21154,55807;Serviços;803,1376667;31667;17380;12224;23018;12396;9128;0,069925753;0,060150547;0,003573243;0,732739246;0,695055101;0,632711617;0,524850286;17,75725828;0,769;1;2008;0;214;-46,88852929;-22,7548692;7809,967111
3554953;Tuiuti;SÃO PAULO;SP;Sudeste;Centro Local;MR Bragança;0;5930;0,500674536;6533;6612;0,024505965;126,7;52,18626677;DEM;DEM;5;0;103316,5081;16221,77863;Serviços;651,1433333;2992;1966;769;1802;1079;548;0,12748926;0,070111808;0,012141071;0,326985845;0,284278712;0,144704377;0,254295516;15,49907006;0,728;1;1996;;908;-46,69364694;-22,81704679;5812,646204
3521002;Iperó;SÃO PAULO;SP;Sudeste;;RMS;0;28300;0,617067138;33367;34149;0,0420359;170;200,8764706;PSDB;PSB;10;7,97;412404,6887;12991,16991;Serviços;545,1382857;8706;6230;1857;5423;3788;1246;0,104626901;0,083075601;;0,489231766;0,406230142;0,523679186;0,511340151;9,211495947;0,719;1;2006;0;610;-47,69206075;-23,35296663;3593,889162
3503901;Arujá;SÃO PAULO;SP;Sudeste;;RMSP;0;74905;0,960096122;83939;85199;0,028876495;96,4;883,8070539;PR;PMDB;35;41,46;2874463,951;35344,95673;Serviços;876,6054839;50839;36854;6623;34475;24913;4966;0,081463137;0,059277159;0,000795036;0,86485998;0,669986961;0,761863334;0,827602601;15,72878731;0,784;1;2007;0;101;-46,31908728;-23,38596816;3509,315485
3552403;Sumaré;SÃO PAULO;SP;Sudeste;;RMC;0;241311;0,988226811;265955;269522;0,024608041;153;1761,581699;PSDB;PPS;65;107,81;11327493,26;43810,59911;Serviços;820,4941333;146751;109053;27842;101283;75132;19836;0,077364183;0,07016136;0,014683371;0,884011607;0,874342962;0,860432207;0,617230458;19,06156122;0,762;1;2006;0;217;-47,26409353;-22,81970613;3393,911459
3507001;Boituva;SÃO PAULO;SP;Sudeste;;RMS;0;48314;0,94067972;55725;56830;0,036320933;249;228,2329317;PTB;PSDB;19;13,98;2494394,837;46684,41236;Serviços;901,2919008;36436;26299;6120;22167;16223;3903;0,10144195;0,094134152;0,025496737;0,734808076;0,637735807;0,832775148;0,621467065;25,64384365;0,78;1;2000;0;605;-47,67496121;-23,28758396;2823,067403
3543303;Ribeirão Pires;SÃO PAULO;SP;Sudeste;;RMSP;1;113068;1;120396;121130;0,015823106;98,8;1226,012146;PMDB;PSB;48;69,8;2660355,141;22380,18643;Serviços;846,6771341;63711;48978;7055;47583;36632;5207;0,059810171;0,062629548;0,017154002;0,844114003;0,777711908;0,668586494;0,894007308;15,88044532;0,784;1;2014;0;127;-46,41434144;-23,71162686;5855,390317
3507605;Bragança Paulista;SÃO PAULO;SP;Sudeste;Centro Subregional B;MR Bragança;1;146744;0,969409311;160665;162435;0,022916612;512,6;316,8845103;PT;DEM;70;29,81;4312883,156;27471,46824;Serviços;840,0309718;115051;75269;31890;80013;51901;22941;0,077179511;0,068091441;0,015178132;0,639744276;0,609480722;0,479559977;0,605349879;21,40303168;0,776;1;1991;1;900;-46,53882126;-22,94946906;4764,1256
3539806;Poá;SÃO PAULO;SP;Sudeste;;RMSP;0;106013;0,984200051;113793;114650;0,017862479;17,1;6704,678363;PDT;PR;23;15,47;5263922,933;46993,0182;Serviços;671,9770513;48494;37504;7105;31580;24084;5130;0,092621631;0,067306965;0,016850179;0,963301027;0,947899675;0,703440725;0,824674087;11,51288114;0,771;1;2006;0;126;-46,34677372;-23,53048544;4035,616951
3510401;Capivari;SÃO PAULO;SP;Sudeste;Centro de Zona B;AUP;1;48576;0,944993412;53152;53731;0,022761721;322,7;166,5044933;PPS;PSDB;20;0;1527992,814;29413,32489;Serviços;790,1637662;31749;22434;6500;22716;16108;4364;0,068496291;0,082943311;0,009303152;0,624116369;0,615205638;0,645059173;0,344800602;20,9288609;0,75;1;2006;1;704;-47,50964765;-22,99575478;4282,193572
3542107;Rafard;SÃO PAULO;SP;Sudeste;Centro Local;AUP;0;8612;0,881444496;9004;9030;0,011190233;121,4;74,38220758;PMDB;PSD;5;0;190029,162;21227,56502;Indústria;697,0516667;5099;3527;1067;3724;2523;796;0,06929526;0,060352514;0,00852934;0,749179423;0,740810974;0,745091595;0,57260998;44,54839069;0,745;1;1972;;716;-47,52620057;-23,01495616;4467,792659
3532405;Nazaré Paulista;SÃO PAULO;SP;Sudeste;;MR Bragança;1;16414;0,847508225;17794;17959;0,0203867;325,9;55,10586069;PT;PSDB;23;2,53;291184,007;16685,80637;Serviços;568,7761905;10672;6840;2592;6424;3915;1734;0,118059374;0,083720231;0,00044843;0,250929027;0,17515911;0,201703414;0,136744571;11,34751773;0,678;1;2006;;904;-46,39473721;-23,16587225;4211,113716
3515707;Ferraz De Vasconcelos;SÃO PAULO;SP;Sudeste;;RMSP;0;168306;0,955129348;184700;186808;0,023509373;29,9;6247,759197;PSDB;PRB;28;34,92;2592684,105;14377,76086;Serviços;556,4388732;64448;49440;9017;35212;26623;5531;0,131785939;0,102685547;0,010187545;0,89967915;0,779920669;0,435797241;0,688537169;10,9562626;0,738;1;2006;0;111;-46,37393919;-23,5610608;3804,292769
3523107;Itaquaquecetuba;SÃO PAULO;SP;Sudeste;;RMSP;0;321770;1;352801;356774;0,023283719;83;4298,481928;PTN;PSDB;86;140,64;5060802,49;14687,81015;Serviços;523,4205038;107548;79468;18562;56429;40247;11609;0,145754981;0,098413828;0,008901181;0,732003959;0,698411998;0,571905559;0,445084859;13,1903802;0,714;1;1992;0;118;-46,363524;-23,48315528;3677,229075
3545308;Salto De Pirapora;SÃO PAULO;SP;Sudeste;;RMS;0;40132;0,78398784;43574;43990;0,02078471;280,5;156,8270945;PMDB;PDT;14;15,53;1243452,897;29113,85851;Indústria;632,1850794;20924;14847;4322;12836;8928;2791;0,107074648;0,091402603;0,017804196;0,554070954;0,524135815;0,426166743;0,503050362;27,81125429;0,729;1;2010;1;619;-47,58064371;-23,65280698;3774,686299
3529401;Mauá;SÃO PAULO;SP;Sudeste;;RMSP;1;417064;1;453286;457696;0,021039163;61,3;7466,492659;PT;PSB;111;91,24;10220779,69;23012,72514;Serviços;685,26252;203080;152112;36398;143680;109200;24474;0,068533562;0,082616179;0,02448065;0,84522722;0,808888437;0,653794416;0,769240323;10,2501025;0,766;1;1970;0;122;-46,45580648;-23,67202401;5929,562508
3502903;Araçoiaba Da Serra;SÃO PAULO;SP;Sudeste;;RMS;0;27299;0,687351185;31321;31915;0,034956795;255,4;124,9608457;PT;PV;19;23,51;481780,3934;16012,37681;Serviços;833,324375;18089;12333;4378;11761;7816;3063;0,095511236;0,074053098;0,000734603;0,279467394;0,191073656;0,586114017;0,540869921;26,04760199;0,776;1;2006;1;604;-47,61260677;-23,51286776;3833,791671
3532009;Morungaba;SÃO PAULO;SP;Sudeste;;RMC;1;11769;0,854023282;12934;13085;0,023878264;146,9;89,07420014;PV;PSD;7;2,32;405854,9409;32157,11441;Indústria;839,2583871;8795;6456;1431;6030;4308;1038;0,084270309;0,066322212;0,000704126;0,45105654;0,344224238;0,505158249;0,417489385;7,825338446;0,715;1;2006;;211;-46,79621908;-22,8707196;5354,088014
3507100;Bom Jesus Dos Perdões;SÃO PAULO;SP;Sudeste;;MR Bragança;1;19708;0,881672417;23025;23530;0,039655059;107,6;218,6802974;PV;PSDB;8;4,81;439637,6717;20005,35456;Serviços;884,3040426;13178;8852;3070;7910;5148;2008;0,114501285;0,088616552;0,00140056;0,726635817;0,726437315;0,841147432;0,586060953;22,2143238;0,713;0;;0;902;-46,46545454;-23,13284863;4096,30449
3519071;Hortolândia;SÃO PAULO;SP;Sudeste;;RMC;1;192692;1;215819;219039;0,028742064;62,5;3504,624;PT;PDT;48;97,5;9202710,44;44002,84232;Serviços;683,4011715;97745;74111;17354;58219;43212;11399;0,113924257;0,087693587;0,069353366;0,83187947;0,794743228;0,883618251;0,653104985;13,17479661;0,756;1;2008;0;206;-47,20771394;-22,87858822;3900,374444
3526209;Juquitiba;SÃO PAULO;SP;Sudeste;;RMSP;0;28737;0,773915162;30642;30837;0,016175968;522,1;59,06339782;PPS;PR;23;2,6;419064,4891;13858,41096;Serviços;443,1281481;13953;9723;2489;7726;5210;1371;0,132902441;0,126671966;0,000728438;0,106907989;0,087088124;0,053629308;0,141904498;26,27861906;0,709;1;2007;0;120;-47,07041612;-23,9296701;5813,703894
3531803;Monte Mor;SÃO PAULO;SP;Sudeste;;RMC;0;48949;0,939304174;55409;56335;0,031475987;240,5;234,2411642;PMDB;PMDB;20;15,27;2777871,939;51934,48884;Indústria;630,0059701;25991;19306;4764;15625;11226;3107;0,114534337;0,089246316;0,005665375;0,515526674;0,449589969;0,759524921;0,49918688;25,70599684;0,733;1;2010;0;210;-47,30731677;-22,95324273;4340,185689
3547809;Santo André;SÃO PAULO;SP;Sudeste;;RMSP;1;676407;1;710210;712749;0,012266052;174,9;4075,180103;PT;PSDB;234;143,12;25027925,43;35503,5243;Serviços;1206,945586;498429;389013;72230;401013;318710;53985;0,040671557;0,059958597;0,048732437;0,909915102;0,866280565;0,793102485;0,769912944;10,03373313;0,815;1;2004;1;132;-46,52136754;-23,65604729;3221,157493
3548708;São Bernardo Do Campo;SÃO PAULO;SP;Sudeste;;RMSP;1;765463;0,983271562;816925;;0,016399624;408,8;2011,355186;PT;PSDB;338;196,9;47668531,31;59149,80402;Serviços;1174,807485;554294;426085;78339;422451;331191;56509;0,051679828;0,067510315;0,044484126;0,793985153;0,783019658;0,70916482;0,699736514;13,6785588;0,805;1;2011;1;133;-46,55528949;-23,70140543;3293,786965
3540606;Porto Feliz;SÃO PAULO;SP;Sudeste;;RMS;0;48893;0,840529319;51928;52221;0,015169889;557,1;93,73721055;PSD;PTB;34;9,24;1313912,883;25602,35547;Serviços;715,4985714;29792;20403;6578;19993;13885;4095;0,080014607;0,099431036;0,012344677;0,566900449;0,558690947;0,577669368;0,463621186;19,36933447;0,758;1;2006;0;617;-47,51858623;-23,21292899;3571,107546
3509502;Campinas;SÃO PAULO;SP;Sudeste;Capital Regional A;RMC;1;1080113;0,982804577;1164098;;0,01889654;795;1475,937107;PSB;PSB;587;500,01;51347710,76;44850,56781;Serviços;1369,791509;846977;655507;123378;664008;519135;96596;0,047754186;0,050160591;0,05940875;0,810091193;0,784408269;0,786832369;0,799397649;15,15654109;0,805;1;2006;1;200;-47,06178932;-22,8961587;2440,520938
3537800;Piedade;SÃO PAULO;SP;Sudeste;Centro Local;RMS;1;52143;0,455669984;54717;54907;0,012118973;746,9;73,51318784;PSDB;PSDB;17;0;940332,4163;17310,02368;Serviços;566,7767692;30911;19474;8489;20421;12329;5926;0,09573482;0,074531069;0,006447401;0,312472026;0,272113071;0,290205595;0,272962609;33,01359059;0,716;1;2006;0;615;-47,4172824;-23,71613753;5951,881834
3514908;Elias Fausto;SÃO PAULO;SP;Sudeste;Centro Local;AUP;0;15775;0,796069731;17085;17241;0,020143822;202,7;85,05673409;PSDB;PMDB;10;0;478003,3707;28517,08452;Serviços;693,0246667;6943;4586;1630;4100;2574;972;0,122445082;0,108930345;0,018302081;0,54198922;0,52696541;0,572131013;0,632468259;17,72421127;0,695;1;2013;0;709;-47,375238;-23,04243399;5050,664583
3504107;Atibaia;SÃO PAULO;SP;Sudeste;;MR Bragança;1;126603;0,910160107;137187;138449;0,020274989;478,4;289,4000836;PSD;PSB;93;101,34;4701014,214;34934,37629;Serviços;1021,743119;101223;69458;23521;69905;47041;17469;0,081058375;0,061298493;0,009877415;0,438426281;0,422889615;0,429900993;0,465030649;29,43448986;0,765;1;2006;1;901;-46,56484817;-23,12085811;3778,879952
3515103;Embu Guaçu;SÃO PAULO;SP;Sudeste;;RMSP;0;62769;0,973330784;67296;67788;0,017562305;154,9;437,6242737;PMDB;PSB;22;19,67;866631,8619;13076,69582;Serviços;603,114875;36019;25022;5856;17553;11829;3222;0,161648665;0,126925241;0,002193886;0,647499056;0,42404834;0,806902181;0,544409364;16,46903821;0,749;1;2007;0;110;-46,81268728;-23,83399426;5344,463314
3513801;Diadema;SÃO PAULO;SP;Sudeste;;RMSP;0;386089;1;412428;415180;0,016635284;30,8;13479,87013;PV;PV;92;55,74;13428069,27;33015,67491;Serviços;643,4212402;193984;135027;45195;132357;93000;29897;0,077426205;0,086156876;0,006650638;0,819983743;0,777048507;0,649653368;0,779630174;12,45077671;0,757;1;2008;0;108;-46,61142421;-23,69728754;3415,168209
3548807;São Caetano Do Sul;SÃO PAULO;SP;Sudeste;;RMSP;0;149263;1;158024;158825;0,014361416;15,4;10313,31169;PMDB;PSDB;72;30,72;15306267,13;97889,94215;Serviços;1804,24568;137566;110933;13949;114002;93957;10949;0,033775709;0,049623931;0,310885957;0,99588266;0,995110541;0,954915975;0,924133584;9,541681244;0,862;1;2006;1;134;-46,56606253;-23,62614077;2249,642606
3549953;São Lourenço Da Serra;SÃO PAULO;SP;Sudeste;;RMSP;0;13973;0,910255493;15177;15323;0,020878526;186,4;82,20493562;PMDB;SD;20;0,5;220531,3036;14826,6306;Serviços;578,4559259;7693;5709;1217;4316;3182;678;0,124014655;0,124118711;0,014433058;0,155540918;0,140033977;0,032051431;0,181983701;33,27122704;0,728;1;2008;0;135;-46,94345528;-23,8507127;4608,215797
3518800;Guarulhos;SÃO PAULO;SP;Sudeste;;RMSP;1;1221979;1;1324781;;0,020399147;319,2;4188,869048;PT;PSB;401;343,26;49392842,17;38016,45579;Serviços;751,3043167;612697;462233;89420;415420;312890;60203;0,081169667;0,082338997;0,018714705;0,74542754;0,732978089;0,582281951;0,728568352;15,85127843;0,763;1;2004;1;115;-46,51804543;-23,44549741;2854,213803
3552205;Sorocaba;SÃO PAULO;SP;Sudeste;Capital Regional C;RMS;1;586625;0,989823141;644919;652481;0,023967449;449;1453,187082;PSDB;DEM;248;277,16;26908886,58;42764,71848;Serviços;1072,751681;438436;325360;83956;306531;226297;60795;0,075318389;0,066686442;0,037969243;0,915898315;0,882090337;0,780762513;0,884110929;17,89113714;0,798;1;1966;1;600;-47,46296844;-23,49499062;2503,772301
3557006;Votorantim;SÃO PAULO;SP;Sudeste;;RMS;0;108809;0,961859773;117794;118858;0,020033858;183,7;647,022319;PSDB;DEM;33;21,11;2483534,045;21486,64658;Serviços;792,93225;62445;43936;14468;43357;30228;10369;0,077661134;0,068893227;0,00803244;0,877283302;0,8199672;0,766083176;0,659253704;11,99595565;0,767;1;2006;0;626;-47,44575341;-23,54398724;3253,895446
3556206;Valinhos;SÃO PAULO;SP;Sudeste;;RMC;0;106793;0,951616679;120258;122163;0,030131808;148,1;824,8683322;PSDB;PMDB;57;49,51;4970626,946;42736,75883;Serviços;1461,846025;90509;68749;12966;67499;50986;10389;0,061605326;0,045313247;0,000871216;0,756539994;0,703344482;0,751041004;0,754395654;9,297450808;0,819;1;2004;1;218;-46,99637722;-22,97315915;3247,647557
3523404;Itatiba;SÃO PAULO;SP;Sudeste;;RMC;1;101471;0,844241212;113284;114912;0,02791371;322,2;356,6480447;PSDB;PPS;76;29,94;4483241,53;40791,22831;Serviços;1136,615089;75001;54947;13345;53206;39002;9600;0,07095549;0,068093984;0,004229938;0,650008997;0,578867808;0,614376022;0,572570197;11,6466583;0,778;1;2011;1;208;-46,84299846;-23,00265997;3597,103457
3525201;Jarinu;SÃO PAULO;SP;Sudeste;Centro Local;AUJ;0;23847;0,77280161;27473;28012;0,036019867;207,6;134,9325626;PSB;DEM;23;0;1188119,582;45084,79423;Serviços;775,525;16443;11314;3733;9266;6109;2291;0,131173467;0,102571037;0,005791428;0,138711058;0,09594168;0,401684271;0,33143766;33,4311504;0,733;1;2006;1;804;-46,71500241;-23,08767117;3520,721804
3528502;Mairiporã;SÃO PAULO;SP;Sudeste;;RMSP;1;80956;0,873931518;92323;93981;0,033392289;320,9;292,8669367;PV;PSDB;47;64,36;1454760,625;16367,14135;Serviços;849,4492121;48414;34820;8705;28266;19920;5636;0,11817013;0,090836241;0,000611079;0,342948479;0,195680333;0,533371798;0,40006982;18,75820672;0,788;1;2006;1;121;-46,58508473;-23,32217821;4040,992816
3556701;Vinhedo;SÃO PAULO;SP;Sudeste;;RMC;0;63611;0,968574618;72550;73855;0,033418658;81,6;905,0857843;PTB;PSDB;47;35,91;7137263,324;102187,1762;Serviços;1589,086444;58313;44091;9501;43309;32303;7743;0,0641955;0,041770396;0,015892608;0,815345926;0,641303738;0,738719493;0,776887073;14,04159119;0,817;1;1984;0;219;-46,98402679;-23,03106592;3360,117221
3520509;Indaiatuba;SÃO PAULO;SP;Sudeste;;RMC;0;201619;0,989946384;231033;235367;0,034631366;311,4;755,834939;PMDB;PMDB;84;113,2;10303801,98;46404,74315;Serviços;1094,55839;170013;114562;44710;118162;77855;34016;0,080316018;0,056195433;0,100488115;0,849796147;0,791210555;0,887594791;0,704949963;18,09339723;0,788;1;2001;0;207;-47,20331317;-23,08889275;4464,222702
3550308;São Paulo;SÃO PAULO;SP;Sudeste;Grande Metrópole Nacional;RMSP;1;11253503;0,991010888;11967825;;0,015504553;1523,3;7902,694807;PT;PSDB;6036;1888,16;570706191,6;48275,446;Serviços;1413,447912;7622282;5949689;1026589;6229394;4957183;776045;0,037174576;0,05755251;0,085416061;0,890590794;0,855561586;0,692254311;0,851849209;12,00414294;0,805;1;2014;1;100;-46,65912598;-23,56007121;1734,205361
3522208;Itapecerica Da Serra;SÃO PAULO;SP;Sudeste;;RMSP;0;152614;0,991711114;167236;169103;0,023137138;150,3;1125,103127;PDT;PTB;60;34,9;3138819,974;19213,7753;Serviços;615,4121552;71405;49809;14019;42273;29522;7959;0,110279725;0,119880561;0,002533384;0,719692553;0,64570615;0,579992142;0,6841409;7,863204437;0,742;1;2001;0;116;-46,85555932;-23,70901977;3318,08895
3545209;Salto;SÃO PAULO;SP;Sudeste;;RMS;1;105516;0,992967891;114171;115193;0,019904179;133,2;864,8123123;PT;PP;40;23,33;4987997,825;44515,02717;Serviços;897,0293007;67628;48284;13853;46946;33360;9827;0,076751387;0,071086574;0,014333084;0,887828889;0,84579319;0,871545389;0,777895502;22,98301908;0,78;1;2006;1;618;-47,29148027;-23,20167301;3834,196291
3519709;Ibiúna;SÃO PAULO;SP;Sudeste;Centro Local;RMS;0;71217;0,350098993;76432;77005;0,017824469;1057,5;72,8179669;PMDB;PSD;42;0;1252456,36;16645,92922;Serviços;611,6829457;40782;27838;8729;24061;15472;5679;0,124652401;0,089779226;0,007743632;0,200806228;0,121535753;0,206692959;0,15468161;34,28044037;0,71;1;2006;1;609;-47,21136417;-23,65522281;4581,302429
3527306;Louveira;SÃO PAULO;SP;Sudeste;;AUJ;0;37125;0,961481481;43862;44904;0,042570644;55,1;814,9546279;PTB;PTB;21;8,12;11598657,17;278145,2558;Serviços;980,4040385;26630;17959;6413;16767;11018;4134;0,102645416;0,09178759;0,002916931;0,550976044;0,502469959;0,416579253;0,601182752;28,04000374;0,777;1;2013;1;805;-46,95214556;-23,08580262;3353,697077
3515004;Embu;SÃO PAULO;SP;Sudeste;;RMSP;1;240230;1;261781;264448;0,021710179;70,4;3756,363636;PT;PRB;79;56,72;8106456,727;31635,32345;Serviços;637,2826526;104368;73461;22164;59880;41037;13524;0,1235082;0,103846274;0,012711241;0,795388681;0,719322791;0,700081866;0,707425419;16,21289852;0,735;1;2012;0;109;-46,80407976;-23,65538834;3431,572047
3552809;Taboão Da Serra;SÃO PAULO;SP;Sudeste;;RMSP;1;244528;1;272177;275948;0,027142518;20,3;13593,49754;PSDB;PSDB;59;40,96;7375289,4;27899,50293;Serviços;799,1978327;121735;87358;24250;72722;52134;14324;0,108756878;0,111039466;0,009144991;0,924133339;0,891761016;0,82308923;0,882641663;15,28020543;0,769;1;2006;0;137;-46,78901661;-23,62642074;3815,510531
3523909;Itu;SÃO PAULO;SP;Sudeste;;RMS;1;154147;0,935918312;167095;168643;0,020368621;640,8;263,1757179;PSD;PTB;96;106,52;6660939,911;40644,73164;Serviços;1051,506;112126;77753;24842;81113;57336;17460;0,062815679;0,073071014;0,008481139;0,771241384;0,702996152;0,755913129;0,689097006;18,72987294;0,773;1;2006;0;612;-47,29876355;-23,26920889;3456,347367
3509601;Campo Limpo Paulista;SÃO PAULO;SP;Sudeste;;AUJ;0;74074;1;80847;81693;0,02211445;79,6;1026,29397;PR;PROS;17;29,35;1521942,717;19242,93178;Serviços;799,5939063;40935;30440;8296;27030;19691;5881;0,091026691;0,071231939;0,001563738;0,80495802;0,680565361;0,741256154;0,844853707;20,00450101;0,769;1;2006;0;802;-46,78098845;-23,20399042;3770,499133
3516309;Francisco Morato;SÃO PAULO;SP;Sudeste;;RMSP;0;154472;0,997967269;168243;169942;0,021578651;49,3;3447,099391;PV;PRB;26;39,54;1221495,759;7415,678672;Serviços;467,1907035;43196;32022;8657;22794;16539;4800;0,141268528;0,125188374;0,001389119;0,559991021;0,324313664;0,399776119;0,311282221;21,02038978;0,703;1;2006;0;112;-46,731578;-23,27467135;4552,859444
3501152;Alumínio;SÃO PAULO;SP;Sudeste;;RMS;0;16839;0,838707762;18061;18194;0,017668598;83,8;217,1121718;PSDB;PPS;16;14,36;1560348,746;87738,90835;Indústria;878,5104167;7345;5703;1034;4824;3721;682;0,089152619;0,086794002;0,02628281;0,857890741;0,681667093;0,590253742;0,83963261;33,47467083;0,766;0;;;602;-47,26234714;-23,53140702;3910,48688
3516408;Franco Da Rocha;SÃO PAULO;SP;Sudeste;;RMSP;0;131604;0,921278988;145755;147650;0,025861173;134,1;1101,043997;PT;PT;30;47,22;2326996,517;16407,63564;Serviços;569,7625862;49536;37463;9047;28866;21480;5691;0,117670157;0,09714291;0,009710975;0,679137079;0,591695046;0,58484809;0,420093899;14,6018899;0,731;1;2007;0;113;-46,71999097;-23,32300586;3963,699039
3504909;Bananal;SÃO PAULO;SP;Sudeste;Centro Local;RMVPLN;1;10223;0,797906681;10775;10821;0,013233942;616;17,56655844;PV;PSDB;4;0;147696,7819;13829,28669;Serviços;602,3116667;3936;2914;635;2497;1912;342;0,087928445;0,131747448;0,021992495;0,483354651;0,313007809;0,249074794;0,18975589;;0,733;1;2014;1;504;-44,32021836;-22,67886375;11416,39761
3524006;Itupeva;SÃO PAULO;SP;Sudeste;;AUJ;1;44859;0,868387615;54128;55596;0,048076777;200,7;277,0104634;PT;PSD;20;25,15;3102671,382;60739,03493;Serviços;1071,375098;31777;22635;5532;18110;12760;3427;0,121465622;0,100509038;0,00205559;0,739485206;0,530150894;0,772238776;0,711909652;26,6023144;0,762;1;2004;0;803;-47,03834903;-23,15132279;4164,786362
3503158;Arapeí;SÃO PAULO;SP;Sudeste;Centro Local;RMVPLN;0;2493;0,752105897;2524;2516;0,003094313;156,8;16,04591837;PPS;SD;3;0;22515,76565;8860,986087;Adm. Pública;454,1114286;975;700;190;644;454;113;0,090456731;0,109519735;0,002352941;0,536064587;0,315614213;0,266962014;0,182397619;39,49447077;0,68;1;2014;1;502;-44,44909219;-22,67335886;8988,236005
3534401;Osasco;SÃO PAULO;SP;Sudeste;;RMSP;0;666740;1;694844;696382;0,010375252;64;10880,96875;PT;PTN;220;123,08;55515707,08;80265,37491;Serviços;856,330819;402941;298975;68849;286600;215448;47368;0,067722714;0,077661872;0,021233103;0,880530655;0,854067255;0,730267829;0,787198046;12,69344888;0,776;1;2004;1;124;-46,7775951;-23,52908962;2136,343142
3509007;Caieiras;SÃO PAULO;SP;Sudeste;;RMSP;0;86529;0,975233737;95780;97016;0,025718732;96,7;1003,267839;PSD;PSD;35;16,4;2815657,275;30206,05348;Serviços;837,4109524;41007;31198;6073;24723;18642;3788;0,108477418;0,099002454;0,010145704;0,878795961;0,766450156;0,732270945;0,759061018;20,10241652;0,781;1;2012;0;104;-46,7474688;-23,34949052;3570,564673
3556503;Várzea Paulista;SÃO PAULO;SP;Sudeste;;AUJ;0;107089;1;116601;117772;0,02150231;34,8;3384,252874;PV;PV;23;25,25;2368422,855;20744,70399;Indústria;678,7191477;60960;42832;14080;40769;28154;10059;0,087541027;0,069570877;0,005005523;0,77806546;0,742662652;0,735837025;0,537890101;13,8644576;0,759;1;2006;1;806;-46,83991682;-23,21458428;3737,202334
3549607;São José Do Barreiro;SÃO PAULO;SP;Sudeste;Centro Local;RMVPLN;1;4077;0,703703704;4185;4183;0,006557728;571;7,325744308;PSDB;PMDB;5;0;41868,46515;9992,473783;Adm. Pública;544,5766667;1352;956;291;840;612;150;0,093304899;0,141721938;0,002777778;0,469918973;0,273851254;0,312560061;0,105961788;;0,684;0;;;532;-44,57965549;-22,64319799;6589,805099
3525904;Jundiaí;SÃO PAULO;SP;Sudeste;Centro de Zona A;AUJ;1;370126;0,956982217;401896;405740;0,020800849;431,5;940,3012746;PC do B;PSDB;217;269,46;36622896,04;92970,39003;Serviços;1381,62247;299013;224535;49102;227292;171146;39557;0,055804379;0,04417951;0,058175956;0,813830065;0,797428535;0,706909365;0,796538569;18,59460003;0,822;1;2012;0;800;-46,88460968;-23,19670713;2943,270453
3503505;Areias;SÃO PAULO;SP;Sudeste;Centro Local;RMVPLN;1;3696;0,670454545;3859;3869;0,010847646;305,2;12,67693316;PSDB;DEM;4;0;34683,70851;9034,568509;Adm. Pública;397,8525;1351;978;266;829;579;168;0,110534508;0,096262279;;0,360625406;0,238561578;0,327277548;0,337695671;51,96154845;0,697;1;2014;1;503;-44,69604111;-22,58151317;4556,603084
3541901;Queluz;SÃO PAULO;SP;Sudeste;Centro Local;RMVPLN;0;11309;0,820143249;12600;12777;0,027392959;249,8;51,14891914;PMDB;PSDB;9;0;181159,2051;14807,8474;Serviços;549,6055556;3435;2379;740;2272;1572;480;0,086396556;0,090430766;0,000285388;0,720848127;0,566159253;0,7009162;0,586218485;32,20871246;0,722;0;;;526;-44,77237696;-22,53644873;3290,969939
3528403;Mairinque;SÃO PAULO;SP;Sudeste;;RMS;0;43223;0,802581959;46015;46294;0,015771749;209,6;220,8683206;PMDB;PMDB;21;8,99;1503794,052;33096,97271;Indústria;726,7872308;25255;18783;4788;16388;12082;3229;0,092257978;0,081974983;0,006044957;0,605129991;0,451284227;0,593402837;0,612952247;19,68116512;0,743;1;2006;1;614;-47,18554163;-23,54001454;4087,3054
3513009;Cotia;SÃO PAULO;SP;Sudeste;;RMSP;0;201150;1;229548;233696;0,033566368;323,1;723,2930981;PSDB;PSD;119;103,44;9883959,273;44735,74064;Serviços;1088,074518;130294;98682;20017;80850;61481;12711;0,099257415;0,095074974;0,009720899;0,718753086;0,526728566;0,597013029;0,546505516;10,6521797;0,78;1;2007;0;107;-46,91034946;-23,59712209;2938,721013
3552007;Silveiras;SÃO PAULO;SP;Sudeste;Centro Local;RMVPLN;0;5792;0,497064917;6158;6193;0,01543653;414,8;14,93008679;PR;PSDB;6;0;52373,86361;8609,874011;Adm. Pública;474,0892308;2743;1807;729;1844;1233;466;0,079441262;0,09362473;;0,30366925;0,250589119;0,196015362;0,165809733;32,67439961;0,678;0;;;535;-44,85164341;-22,66359374;3884,293369
3526605;Lavrinhas;SÃO PAULO;SP;Sudeste;Centro Local;RMVPLN;0;6590;0,917905918;7052;7102;0,017083766;167,1;42,50149611;PSDB;PTB;15;0;102436,1111;14739,00879;Serviços;486,264;2757;1924;607;1758;1135;414;0,111326937;0,079537343;0,002531701;0,630678313;0,433159564;0,579408727;0,386206286;;0,729;0;;;518;-44,9268443;-22,56045715;4686,976699
3513405;Cruzeiro;SÃO PAULO;SP;Sudeste;Centro de Zona A;RMVPLN;0;77039;0,974519399;81082;81406;0,012869407;305,7;266,293752;PR;SD;21;0;1925411,868;23945,52617;Serviços;761,5754783;37616;25604;9516;27291;18987;6634;0,061622938;0,074820134;0,006291327;0,869338304;0,841018057;0,700166789;0,513725109;8,668838004;0,788;1;2013;0;510;-44,96674879;-22,57779879;4422,384877
3510609;Carapicuíba;SÃO PAULO;SP;Sudeste;;RMSP;0;369584;1;392294;394465;0,015020062;34,6;11400,72254;PT;PV;86;69,94;4437171,966;11442,26218;Serviços;686,3388063;178701;129745;36260;117910;86123;23582;0,085411194;0,089856787;0,001826327;0,861097811;0,842032162;0,753489136;0,602209133;9,741766285;0,749;1;2010;0;106;-46,836689;-23,53422102;2301,228754
3556453;Vargem Grande Paulista;SÃO PAULO;SP;Sudeste;;RMSP;0;42997;1;48720;49542;0,031732904;42,1;1176,769596;PSB;PR;12;6,87;1496965,277;31841,51782;Serviços;926,8441935;26973;20759;3773;16113;12215;2384;0,111891964;0,096165454;0,003313317;0,802233354;0,728318916;0,788878315;0,830147459;10,44299171;0,77;1;2013;0;138;-47,01794339;-23,60225349;3604,745929
3508603;Cachoeira Paulista;SÃO PAULO;SP;Sudeste;Centro Local;RMVPLN;1;30091;0,816589678;32294;32536;0,017820761;288;112,9722222;PT;PR;11;0;465339,9534;14637,47455;Serviços;744,8490385;14481;10329;3104;9371;6650;2046;0,092062078;0,086934107;0,007650295;0,750238453;0,679364051;0,572558812;0,483926851;15,6025713;0,764;1;2006;0;506;-45,00932317;-22,66818705;3377,531596
3509957;Canas;SÃO PAULO;SP;Sudeste;Centro Local;RMVPLN;0;4385;0,928164196;4852;4914;0,025623111;53,3;92,19512195;PTB;PSDB;5;0;129776,7601;27483,43076;Serviços;465,6483333;1564;1024;313;847;555;189;0,130319955;0,106156324;0,01151472;0,470347325;0,212022792;0,55176413;0,072396355;;0,704;0;;;508;-45,05342314;-22,70504289;3320,062385
3513603;Cunha;SÃO PAULO;SP;Sudeste;Centro Local;RMVPLN;0;21866;0,556434647;22086;22007;0,002505886;1407,3;15,63774604;PSDB;PSB;6;0;167290,7782;7518,348759;Serviços;405,8357895;11027;6499;3768;6618;3794;2394;0,113652874;0,094957719;0,000462664;0,31981525;0,170198861;0,208140279;0,136868419;9,022420715;0,684;1;2006;0;511;-44,95983269;-23,07552232;8280,074479
3527207;Lorena;SÃO PAULO;SP;Sudeste;Centro de Zona B;RMVPLN;0;82537;0,9713583;87178;87584;0,013770281;414,4;211,3513514;PSDB;PSDB;18;0;1630272,076;18882,65838;Serviços;858,695;42326;28627;10957;30810;21112;7727;0,062794485;0,072348997;0,008468267;0,819320897;0,772504847;0,70356606;0,530864505;20,74593149;0,766;1;1995;0;519;-45,11272389;-22,74168361;3351,487066
3538501;Piquete;SÃO PAULO;SP;Sudeste;Centro Local;RMVPLN;0;14107;0,93655632;14123;14048;0,000283427;176;79,81818182;PT;PSB;5;0;125743,7916;8806,821093;Serviços;682,9813043;5558;4044;1080;4040;2904;783;0,068471413;0,06643011;0,007138697;0,705337666;0,603809371;0,349188957;0,521724961;7,042749489;0,757;0;;;524;-45,18449932;-22,61018702;6745,910899
3505708;Barueri;SÃO PAULO;SP;Sudeste;;RMSP;1;240749;1;262275;264935;0,0216405;66,1;4008,093797;DEM;PSDB;168;104,86;44118662,49;171831,0867;Serviços;991,9293548;160146;116908;25038;109808;79329;17779;0,080643512;0,070874214;0,026324017;0,940455244;0,881162625;0,691098506;0,848906099;21,96066344;0,786;1;2004;0;102;-46,84148934;-23,5022739;2350,430713
3550605;São Roque;SÃO PAULO;SP;Sudeste;;RMS;1;78821;0,906966418;86515;87506;0,02355779;306,3;285,6872347;PMDB;PSDB;47;14,61;2002959,532;23714,88908;Serviços;877,3232353;44122;32980;7594;29802;22338;5088;0,081038778;0,083389689;0,0107502;0,482020658;0,385335121;0,450714201;0,476989352;17,54344928;0,768;1;2006;1;621;-47,13389654;-23,53074491;3913,687418
3518404;Guaratinguetá;SÃO PAULO;SP;Sudeste;Centro Subregional B;RMVPLN;1;112072;0,952619744;119073;119753;0,015264132;752,4;159,1613503;PSDB;PSB;49;26,04;4120222,672;35017,14789;Serviços;931,0595652;65880;45977;15266;47830;33468;11304;0,065570464;0,06193668;0,012755361;0,70198632;0,683204633;0,570086773;0,673556378;14,3607765;0,798;1;2006;0;512;-45,18368632;-22,79707813;3520,039492
3555406;Ubatuba;SÃO PAULO;SP;Sudeste;Centro Local;RMVPLN;1;78801;0,975964772;86392;87364;0,023258709;710,8;122,9093979;PT;PSD;90;28,61;1457786,126;17277,05566;Serviços;763,3704639;39188;23257;13679;22558;12933;8337;0,124529578;0,10410127;0,012418737;0,385786719;0,370790503;0,497178548;0,365383498;15,22266069;0,751;1;2006;1;538;-45,06760375;-23,4589649;10186,29991
3502507;Aparecida;SÃO PAULO;SP;Sudeste;Centro de Zona B;RMVPLN;1;35007;0,985460051;36217;36248;0,008531331;121,1;299,3228737;PSDB;PMDB;21;0;749994,0838;20746,15042;Serviços;733,2339216;20391;13480;4282;15207;9827;3246;0,065255505;0,056962622;0,033553479;0,837011752;0,790075236;0,55453874;0,535410199;16,58191466;0,755;1;2006;0;501;-45,22990235;-22,84429355;3295,921911
3540754;Potim;SÃO PAULO;SP;Sudeste;Centro Local;RMVPLN;0;19397;0,758313141;22453;22911;0,037253604;44,5;514,8539326;PMN;PR;4;0;163328,4943;7596,320835;Adm. Pública;427,6163636;5544;3332;1787;2974;1713;999;0,142324591;0,123341524;;0,481337453;0,493986336;0,516019493;0,352263808;4,548762737;0,697;0;;0;525;-45,25701523;-22,83808574;4106,645264
3526308;Lagoinha;SÃO PAULO;SP;Sudeste;Centro Local;RMVPLN;0;4841;0,648213179;4954;4949;0,005785175;255,5;19,36986301;PSDB;PMDB;4;0;46033,7126;9269,777004;Serviços;573,93;3389;1870;1202;2151;1136;827;0,104822868;0,077655108;0,008439646;0,372373682;0,357076431;0,26519351;0,160964181;;0,693;0;;;517;-45,19160917;-23,08902791;6758,086164
3525003;Jandira;SÃO PAULO;SP;Sudeste;;RMSP;0;108344;1;118832;120177;0,023368713;17,7;6789,661017;PV;PTB;26;14,64;2907439,029;25055,27382;Serviços;835,4222222;51467;37251;10395;34840;25312;6923;0,080344573;0,084690989;0,014472211;0,949290333;0,843614796;0,689908654;0,866296182;8,51375397;0,76;1;2006;0;119;-46,90290065;-23,53571078;2927,352912
3544301;Roseira;SÃO PAULO;SP;Sudeste;Centro Local;RMVPLN;0;9599;0,949682259;10344;10429;0,018862622;130,7;79,79342005;PT;PSD;5;0;207925,6082;20449,01733;Serviços;604,2246154;4843;3374;1041;3414;2343;779;0,075658858;0,059699317;0,008195401;0,715496448;0,469201318;0,599316337;0,405721704;9,749439407;0,737;0;;;528;-45,30157155;-22,89294236;3223,443722
3509205;Cajamar;SÃO PAULO;SP;Sudeste;;RMSP;0;64114;0,979863992;71805;72875;0,028727746;131,4;554,6042618;PT;PSB;46;13,71;8728426,893;125437,2685;Serviços;692,6996591;36432;26805;5537;20881;15292;3119;0,118794453;0,121635715;0,012361334;0,70481718;0,578685571;0,477430635;0,828127435;24,04186112;0,728;1;2007;0;105;-46,84165487;-23,33724136;3128,746836
3550001;São Luís Do Paraitinga;SÃO PAULO;SP;Sudeste;Centro Local;RMVPLN;1;10397;0,594402231;10731;10735;0,007936187;617,3;17,39024785;PR;PSDB;18;0;135019,6376;12593,94064;Serviços;505,7353571;5414;3613;1342;3381;2271;794;0,097312093;0,110673481;0,052459956;0,426618258;0,334000534;0,282624072;0,115365275;;0,697;1;2010;0;533;-45,31177803;-23,22328971;6348,950697
3522505;Itapevi;SÃO PAULO;SP;Sudeste;;RMSP;1;200769;1;223404;226488;0,027066519;83,1;2725,487365;PV;PTN;56;51,78;8506279,587;39198,54191;Serviços;575,2774866;87454;61956;19005;51372;36187;11579;0,113540861;0,104178697;0,005968801;0,813533472;0,639399073;0,373738233;0,591877828;14,52894438;0,735;1;2008;0;117;-46,94080682;-23,54398724;3025,522333
3520400;Ilhabela;SÃO PAULO;SP;Sudeste;Centro Local;RMVPLN;1;28196;0,993119591;32197;32782;0,033729658;347,5;94,33669065;PPS;PMDB;30;9,22;3256711,638;105112,8567;Indústria;725,8927941;16540;8489;6947;9489;4611;4239;0,129827867;0,103841649;0,001805059;0,543590942;0,205577937;0,460427043;0,46347092;18,98794266;0,756;1;2006;0;514;-45,36546632;-23,82213313;9203,586843
3508405;Cabreúva;SÃO PAULO;SP;Sudeste;;AUJ;0;41604;0,847538698;46528;47210;0,028359168;260,2;181,4373559;PDT;PDT;26;13,05;3595664,115;79705,26945;Serviços;755,2782258;25465;18172;5090;15373;10532;3331;0,115265777;0,088500493;0,029029414;0,556124664;0,472264083;0,629812486;0,549903969;28,36569932;0,738;1;2004;1;801;-47,05405879;-23,25231811;4323,881378
3550704;São Sebastião;SÃO PAULO;SP;Sudeste;Centro de Zona B;RMVPLN;1;73942;0,988734413;83020;84294;0,029373264;400,4;210,5244755;PSC;PSDB;126;24,62;5772025,891;71810,12318;Serviços;815,6771429;31905;19692;9524;19135;11717;5910;0,10941665;0,100136012;0,007110089;0,490560326;0,319649754;0,629298707;0,579984768;24,474412;0,772;0;;0;534;-45,404811;-23,80249423;9044,172937
3510500;Caraguatatuba;SÃO PAULO;SP;Sudeste;Centro Local;RMVPLN;1;100840;0,958677112;113317;115071;0,029592945;485,4;237,0642769;PSDB;PMDB;74;32,94;2422613,173;22088,41494;Serviços;881,3797917;57897;36412;17138;34088;20664;10819;0,119969068;0,096363588;0,0480829;0,635228875;0,604593943;0,666951988;0,613248465;19,7266956;0,759;1;2011;1;509;-45,39003392;-23,62465676;7704,536689
3538006;Pindamonhangaba;SÃO PAULO;SP;Sudeste;;RMVPLN;1;146995;0,96403279;160614;162327;0,022398512;729,9;222,3962187;PSDB;PR;72;79,84;5631210,787;35853,42595;Indústria;790,6482682;82869;57550;19181;56662;39494;13084;0,078208723;0,079508688;0,043971278;0,827313188;0,773512517;0,750092347;0,625217863;17,62513848;0,773;1;2006;0;523;-45,4605404;-22,93363539;3554,77087
3532306;Natividade Da Serra;SÃO PAULO;SP;Sudeste;Centro Local;RMVPLN;1;6678;0,417490267;6786;6770;0,004018835;833,4;8,123350132;PSDB;PPS;15;0;53987,65886;7914,918467;Adm. Pública;458,0789474;2411;1569;593;1511;945;397;0,106721194;0,083559683;;0,203928744;0,193414125;0,197560778;0,191119072;;0,655;0;;;521;-45,38144812;-23,41513124;11843,29492
3509700;Campos Do Jordão;SÃO PAULO;SP;Sudeste;Centro Local;RMVPLN;1;47789;0,993764255;50852;51157;0,015652224;290,5;176,0998279;PSDB;PSDB;61;0;909456,2961;18109,08377;Serviços;662,9654839;30414;21429;7127;21307;14874;5098;0,075758597;0,069304478;0,002500533;0,456392719;0,269710592;0,248966881;0,276479547;3,957183277;0,749;1;2003;0;507;-45,585928;-22,73537005;9140,351589
3554805;Tremembé;SÃO PAULO;SP;Sudeste;;RMVPLN;0;40984;0,901229748;44912;45414;0,023144592;191,4;237,2727273;PSB;PSB;22;10,75;528931,3194;12056,51386;Serviços;825,3524138;18381;12852;4185;11471;7810;2852;0,104749813;0,079715133;0,003521904;0,658242554;0,601158276;0,603157883;0,380777081;11,2615149;0,785;1;2014;1;537;-45,54413557;-22,9773815;4308,518716
3502002;Analândia;SÃO PAULO;SP;Sudeste;Centro Local;AUP;1;4293;0,793850454;4731;4789;0,024585051;326,3;14,6766779;PMDB;PMDB;6;0;133531,7985;28953,12196;Indústria;867,5292308;2122;1553;297;1457;1093;199;0,072778988;0,083379652;0,002136752;0,483957091;0,304290514;0,607274438;0,457142558;;0,754;1;2006;;702;-47,65763069;-22,12937534;5538,309367
3554102;Taubaté;SÃO PAULO;SP;Sudeste;;RMVPLN;1;278686;0,978423746;302331;305174;0,020567848;624,9;488,356537;PSDB;PSDB;164;139,74;14988466,12;50563,0859;Indústria;1031,671795;199067;134032;53062;148225;101347;38542;0,057497916;0,066031097;0,021112522;0,905769638;0,889939869;0,832592843;0,737685182;11,6891488;0,8;1;2011;1;536;-45,562565;-23,02903589;3207,542911
3542305;Redenção Da Serra;SÃO PAULO;SP;Sudeste;Centro Local;RMVPLN;0;3873;0,571391686;3930;3919;0,003659185;309,4;12,6664512;PMDB;PTB;3;0;44010,06344;11136,14966;Adm. Pública;450,7576923;1880;1176;459;1266;811;306;0,077152747;0,084471771;;0,136575334;0,128510655;0,180185084;0,143248856;;0,657;0;;;527;-45,52616445;-23,25366985;8236,036222
3548609;São Bento Do Sapucaí;SÃO PAULO;SP;Sudeste;Centro Local;RMVPLN;1;10468;0,481467329;10864;10880;0,009326116;252,6;43,07205067;PSDB;PV;4;0;146826,3146;13556,11805;Serviços;601,320625;5376;3687;1231;3407;2368;755;0,092592683;0,102712304;0,024371084;0,379030453;0,329553284;0,184687192;0,198636597;9,218289086;0,72;0;;;531;-45,73744626;-22,69404474;9769,084869
3548203;Santo Antônio Do Pinhal;SÃO PAULO;SP;Sudeste;Centro Local;RMVPLN;1;6486;0,594357077;6767;6784;0,010659373;133;51,0075188;PT;PSD;13;0;78388,32619;11642,40698;Serviços;867,5933333;3952;2597;925;2264;1449;548;0,123778484;0,110381545;0,034537186;0,30511863;0,174845207;0,347520477;0,167691966;14,81481481;0,706;1;2013;1;530;-45,66486636;-22,82591668;8878,248543
3547007;Santa Maria Da Serra;SÃO PAULO;SP;Sudeste;Centro Local;AUP;0;5413;0,881581378;5902;5962;0,0218574;257,2;23,18040435;DEM;SD;5;0;135886,038;23525,9761;Indústria;609,497;3180;2216;349;2088;1410;235;0,094637013;0,082309606;0,013343718;0,743183521;0,711077209;0,728003531;0,747309613;17,12328767;0,686;1;2008;0;721;-48,15425653;-22,56456844;3302,549621
3512704;Corumbataí;SÃO PAULO;SP;Sudeste;Centro Local;AUP;0;3874;0,540268456;4036;4045;0,010294259;278,6;14,51902369;PTB;DEM;10;0;143503,1887;35715,07933;Serviços;786,8811111;2358;1612;402;1694;1133;313;0,07306746;0,05132343;;0,412042535;0,324004429;0,413788543;0,335451295;24,83238143;0,754;0;;;708;-47,61525523;-22,224058;4249,688234
3526704;Leme;SÃO PAULO;SP;Sudeste;Centro de Zona B;AUP;0;91756;0,979358298;99388;100296;0,020175453;402,9;248,9352197;PT;PSD;18;0;2307965,348;23670,22561;Serviços;714,7338806;64010;38419;19981;45125;26792;14187;0,074751808;0,070891152;0,018975949;0,897738957;0,839712258;0,824263583;0,829603739;17,26589478;0,744;1;1993;0;713;-47,38285234;-22,19227641;4325,915524
3508504;Caçapava;SÃO PAULO;SP;Sudeste;;RMVPLN;1;84752;0,855637625;91162;91883;0,018394329;370,2;248,1982712;PSDB;PV;40;23,76;3393999,234;37850,72974;Indústria;853,9119286;50610;36621;10510;34517;24926;7523;0,079979525;0,069159085;0,012103295;0,730458057;0,661058239;0,773835983;0,749904767;9,952889656;0,788;1;2007;0;505;-45,70593855;-23,1080866;2746,586552
3535606;Paraibuna;SÃO PAULO;SP;Sudeste;Centro Local;RMVPLN;0;17388;0,30147228;18125;18166;0,01043201;809,6;22,43824111;DEM;PSDB;34;0;243182,9834;13480,20972;Serviços;619,541;9315;6595;1994;5672;3956;1203;0,107622332;0,106348383;0,000584795;0,303058874;0,287357862;0,22762566;0,193296214;44,24044683;0,719;1;2013;1;522;-45,66692442;-23,38002949;4425,639151
3524907;Jambeiro;SÃO PAULO;SP;Sudeste;Centro Local;RMVPLN;1;5349;0,478781081;6092;6200;0,033051147;184,3;33,64080304;DEM;SD;11;0;289511,5357;49337,34419;Indústria;758,29;2454;1803;378;1243;933;167;0,140834948;0,177484139;0,002277328;0,331831984;0,267375169;0,237795209;0,208080297;33,43922421;0,756;1;2015;1;516;-45,69483442;-23,25699036;4470,924248
3550407;São Pedro;SÃO PAULO;SP;Sudeste;Centro Local;AUP;1;31662;0,840344893;34284;34595;0,020089519;611;56,6202946;PPS;PSD;13;0;502671,0715;14943,54811;Serviços;794,1455385;22077;15542;4767;15259;10704;3317;0,077437683;0,075226442;0,008205731;0,59751853;0,584118668;0,658362874;0,649476305;20,60884414;0,755;1;2010;0;722;-47,90393803;-22,54981932;2847,721054
3521101;Ipeúna;SÃO PAULO;SP;Sudeste;Centro Local;AUP;0;6016;0,860704787;6914;7047;0,035393387;190;37,08947368;PP;PSD;5;0;547415,0176;82466,86013;Indústria;865,1025;3623;2590;603;2284;1621;376;0,098255406;0,099071366;0,005412824;0,659270915;0,434954989;0,589285844;0,578930272;14,75361464;0,753;0;;;710;-47,70861366;-22,43461105;4146,812808
3531704;Monteiro Lobato;SÃO PAULO;SP;Sudeste;Centro Local;RMVPLN;1;4120;0,431553398;4467;4509;0,020421696;333,3;13,52835284;PSB;PSB;10;0;50559,83512;11540,70649;Serviços;590,84875;2781;1808;551;2611;1488;554;0,039726466;0,001085386;0,005147059;0,213036009;0,183445574;0,234297691;0,221797691;45,2079566;0,71;0;;;520;-45,84047263;-22,95458319;6656,808158
3511706;Charqueada;SÃO PAULO;SP;Sudeste;Centro Local;AUP;0;15085;0,907258866;16440;16608;0,021737009;175,8;94,47098976;PT;PSDB;7;0;237903,0387;14783,93231;Serviços;711,0668966;8239;5973;1331;5830;4233;874;0,071294436;0,087760601;0,000821018;0,594761876;0,466162523;0,488664737;0,48257075;12,29407426;0,736;0;;;705;-47,77350108;-22,51207868;2907,679092
3500600;Águas De São Pedro;SÃO PAULO;SP;Sudeste;Centro Local;AUP;1;2707;1;3139;3205;0,037709434;5,4;593,5185185;PSDB;PSDB;5;0;97021,15709;32297,3226;Serviços;1536,731429;2369;1875;319;1597;1260;233;0,082744897;0,064846364;0,018180407;0,973019167;0,933011829;0,978422975;0,88950826;;0,854;0;;0;701;-47,87609451;-22,59996454;2550,565092
3543907;Rio Claro;SÃO PAULO;SP;Sudeste;Centro Subregional A;AUP;0;186253;0,975662137;199961;201473;0,017912637;498,7;403,9963906;PMDB;DEM;56;38,42;7665018,599;38944,10962;Serviços;1004,806934;154592;92856;51615;115926;68737;39863;0,061998442;0,053031082;0,018491385;0,906429114;0,869937208;0,769731167;0,728479104;20,66396859;0,803;1;1992;1;717;-47,56493438;-22,4048158;3160,817917
3503307;Araras;SÃO PAULO;SP;Sudeste;Centro Subregional B;AUP;1;118843;0,946155853;128895;130102;0,020506126;644,8;201,7710918;PT;PSDB;48;26,84;4242641,856;33567,59466;Serviços;928,3144571;91675;57696;27563;67807;42932;20198;0,060896256;0,064151897;0,002996215;0,879720912;0,815798643;0,744611185;0,75078684;18,79979007;0,781;1;1972;0;703;-47,38881139;-22,36939257;3697,870027
3545001;Salesópolis;SÃO PAULO;SP;Sudeste;Centro Local;RMSP;1;15635;0,636648545;16688;16797;0,016427956;425;39,52235294;PR;PR;8;0;164971,119;10021,32906;Serviços;908,1713636;10155;6447;2172;6495;4071;1448;0,096304795;0,084471771;0,006356348;0,440620217;0,400644675;0,223651108;0,442378316;30,16409266;0,732;1;2007;;129;-45,84732142;-23,53074491;5022,87421
3512209;Conchal;SÃO PAULO;SP;Sudeste;Centro Local;AUP;0;25229;0,944904673;27132;27345;0,01834619;182,8;149,5897155;DEM;PSDB;9;0;499992,4622;18734,02758;Serviços;609,9075;15862;10273;3660;10143;6450;2315;0,097558089;0,095938082;0,00354302;0,811420454;0,759354934;0,836007268;0,537044009;22,29323029;0,708;1;2006;0;706;-47,17130612;-22,34158368;5250,846067
3546702;Santa Gertrudes;SÃO PAULO;SP;Sudeste;Centro Local;AUP;0;21634;0,989368586;24737;25192;0,03407622;98;257,0612245;PTB;PTB;5;0;1344571,097;56511,20486;Indústria;745,6775;14502;9071;4143;9670;6026;2727;0,085238539;0,087241345;0,010631827;0,924191853;0,850158566;0,881718872;0,817088751;16,47989453;0,737;1;2002;0;720;-47,53249067;-22,45579877;3368,530995
3549904;São José Dos Campos;SÃO PAULO;SP;Sudeste;Capital Regional C;RMVPLN;1;629921;0,979656179;688597;695992;0,02251517;1099,8;632,8350609;PT;PSDB;316;270,12;27401017,04;40699,31458;Serviços;1271,023132;402274;314069;59631;303954;236412;47912;0,058451861;0,044733591;0,119639528;0,840556361;0,826460361;0,825633152;0,821758428;13,50883066;0,807;1;2006;1;500;-45,886193;-23,20648739;2664,822444
3550209;São Miguel Arcanjo;SÃO PAULO;SP;Sudeste;Centro Local;RMS;1;31450;0,683688394;32769;32840;0,010323919;930,3;35,30044072;PTB;PP;11;0;485738,7015;14890,36821;Serviços;571,22;14972;9963;3514;9605;6090;2395;0,103454849;0,07969042;0,016997514;0,481610249;0,372916476;0,395277945;0,431504404;36,70173722;0,71;1;2006;0;620;-47,99663434;-23,88166665;4476,74756
3546009;Santa Branca;SÃO PAULO;SP;Sudeste;Centro Local;RMVPLN;0;13763;0,882075129;14534;14601;0,013719992;275,3;53,03668725;PT;PSDB;7;0;237226,3869;16479,77679;Indústria;670,7908824;6046;4647;968;4008;3025;643;0,089656111;0,085257702;0,000166168;0,491801178;0,468623339;0,219884434;0,176050008;55,30591082;0,735;0;;;529;-45,8843195;-23,39936776;3646,729949
3512407;Cordeirópolis;SÃO PAULO;SP;Sudeste;Centro Local;AUP;0;21080;0,898197343;23234;23517;0,024621217;137,6;170,9084302;PV;PMDB;10;0;2274596,54;100432,5565;Serviços;812,9913333;14473;10145;2709;10463;7266;2037;0,069033541;0,058677286;0,143653747;0,691571642;0,668122775;0,686490892;0,601580627;26,14948791;0,758;1;2011;0;707;-47,45899574;-22,48228343;3756,345587
3522307;Itapetininga;SÃO PAULO;SP;Sudeste;Centro Subregional B;RMS;0;144377;0,907693054;157016;158561;0,02120157;1790,2;88,57166797;#N/D;#N/D;61;32,79;3443713,544;22389,39954;Serviços;727,662069;88163;55144;26267;59359;36456;18431;0,086290171;0,073426506;0,02274342;0,747447242;0,692411632;0,672757967;0,677037151;19,30054814;0,763;1;2007;0;611;-48,04298249;-23,58702481;3103,100321
3524402;Jacareí;SÃO PAULO;SP;Sudeste;;RMVPLN;0;211214;0,986189362;226539;228214;0,017665542;459,7;496,4411573;PT;PSDB;130;115,08;8290851,208;37168,03791;Indústria;829,3177273;122982;91837;22025;89798;66524;16749;0,066615441;0,056295445;0,021538765;0,723332186;0,686514444;0,680342164;0,663059899;17,34674815;0,777;1;2003;1;515;-45,95987483;-23,30308173;3136,734615
3521408;Iracemápolis;SÃO PAULO;SP;Sudeste;Centro Local;AUP;0;20029;0,979379899;22557;22914;0,030161982;115,1;199,0790617;PT;PSDB;8;0;551598,517;25285,28613;Serviços;837,8878571;13748;9455;2753;9997;6730;2044;0,070358578;0,061365738;0,018776649;0,882112773;0,876482795;0,879667956;0,802689739;13,51899419;0,776;0;;1;711;-47,51295824;-22,57431763;4212,48055
3515152;Engenheiro Coelho;SÃO PAULO;SP;Sudeste;Centro Local;RMC;0;15721;0,731378411;18611;19059;0,043091449;109,9;173,4212921;PMDB;PMDB;10;0;351644,6757;19888,27983;Serviços;705,9185714;8536;5253;2304;5205;3143;1362;0,108185859;0,110864462;0,002495084;0,595739471;0,559291203;0,521051452;0,119600044;44,06985071;0,732;1;2012;0;204;-47,21136417;-22,49055989;4864,630241
3506359;Bertioga;SÃO PAULO;SP;Sudeste;;RMBS;1;47645;0,983670899;56555;57942;0,04379069;490;118,2489796;DEM;PSDB;89;55,76;1519278,241;28303,02801;Serviços;932,1608247;21432;13236;6586;11576;6675;3972;0,146729797;0,106426317;0,025465113;0,279550609;0,526803578;0,648716211;0,404430577;29,01810004;0,73;1;1998;1;301;-46,13459722;-23,84144307;8886,888932
3518701;Guarujá;SÃO PAULO;SP;Sudeste;;RMBS;1;290752;0,999807396;311230;313421;0,017160966;142,9;2193,289013;PMDB;PSB;155;135,72;6746390,135;21997,92664;Serviços;907,4433264;126970;64570;53837;89128;45660;37848;0,071763533;0,073019423;0,06453133;0,632726305;0,670452233;0,588684376;0,491028135;16,18180582;0,751;1;2013;1;303;-46,25559901;-23,99472304;7838,366114
3526902;Limeira;SÃO PAULO;SP;Sudeste;Centro Subregional A;AUP;1;276022;0,970158176;296440;298701;0,018001169;581;514,1153184;PSB;PSD;130;56,77;10392186,2;35620,41969;Serviços;918,8837223;196795;137983;43458;145547;101029;33357;0,064329025;0,054329966;0,023136525;0,843187209;0,82781613;0,789892225;0,8276785;15,29946146;0,775;1;1998;0;714;-47,39344621;-22,57200022;3080,330166
3511607;Cesário Lange;SÃO PAULO;SP;Sudeste;Centro Local;RMS;0;15540;0,675160875;17163;17378;0,025145588;190,8;91,07966457;PSDB;PSDB;13;0;272322,0321;16290,12574;Serviços;625,386087;9912;6917;2202;6171;4140;1416;0,108111564;0,092322331;0,027391151;0,545248361;0,433334013;0,446145877;0,514485456;35,41285487;0,706;0;;;608;-47,95690735;-23,22252968;2977,605145
3538709;Piracicaba;SÃO PAULO;SP;Sudeste;Capital Regional C;AUP;1;364571;0,978528188;391449;394419;0,017942547;1376,9;286,454354;PSDB;PSDB;198;78,81;20273704,33;52619,74664;Serviços;1106,272895;277223;196407;57673;209698;149557;43614;0,056014894;0,057473091;0,025890551;0,852913524;0,829472022;0,820151934;0,784998543;19,82431027;0,785;1;2006;1;700;-47,63445661;-22,72163855;2331,104572
3518305;Guararema;SÃO PAULO;SP;Sudeste;;RMSP;1;25844;0,860547903;28344;28664;0,023352728;270,6;105,9275684;PR;PR;29;8,09;1686844,936;60943,13146;Serviços;720,5913333;15354;10817;3021;9509;6608;1984;0,10358899;0,087731765;0,012592165;0,423587932;0,360928496;0,324323837;0,610103454;24,98572244;0,731;1;2006;0;114;-46,03751439;-23,41288817;3857,749087
3537602;Peruíbe;SÃO PAULO;SP;Sudeste;Centro Local;RMBS;1;59773;0,988824386;65226;65907;0,022065957;311,4;211,6473988;PTB;PSDB;37;31;1231666,848;19300,58526;Serviços;847,1256303;31033;20411;8517;19035;12037;5695;0,11139696;0,083823551;0,041778226;0,598735235;0,578544748;0,629405213;0,489506695;13,94678527;0,749;1;2007;0;306;-46,96777691;-24,28408062;10458,32109
3506607;Biritiba Mirim;SÃO PAULO;SP;Sudeste;Centro Local;RMSP;0;28575;0,858267717;31158;31479;0,021870433;317,2;99,24022699;PSDB;PV;8;0;569093,0805;18663,68492;Agropecuária;554,8454762;11450;8539;1874;6709;5009;1073;0,112579866;0,117979842;0,001918425;0,324110176;0,305466587;0,293435287;0,300661785;29,19234512;0,712;1;2004;0;103;-46,06234376;-23,56500944;5285,202616
3547304;Santana De Parnaíba;SÃO PAULO;SP;Sudeste;;RMSP;1;108813;1;126574;129261;0,038522548;179,8;718,9154616;DEM;PSDB;58;36,67;7373602,986;60939,87492;Serviços;2272,820654;75607;55658;11310;48812;36618;7062;0,087343081;0,098770468;0,001844318;0,662828417;0,43459392;0,465133416;0,61447644;17,76700989;0,814;1;2006;0;131;-46,9219365;-23,44218683;2523,324427
3503802;Artur Nogueira;SÃO PAULO;SP;Sudeste;Centro Local;RMC;0;44177;0,905403264;50246;51126;0,032705092;178;287,2247191;PSD;PSDB;13;0;798659,4548;16494,41253;Serviços;837,9348387;32574;21725;8292;21988;14341;5777;0,086615936;0,074957725;0,003054246;0,740912171;0,688882668;0,781702627;0,403596192;28,37109391;0,749;1;2007;0;202;-47,16369178;-22,56868964;5115,929089
3526407;Laranjal Paulista;SÃO PAULO;SP;Sudeste;Centro Local;AUP;1;25251;0,895489288;27384;27640;0,020480184;384;71,97916667;PT;PTB;16;0;695439,6577;25898,02472;Serviços;761,0423077;15371;10933;2788;10769;7648;1983;0,074084115;0,070518091;0,011762933;0,770980233;0,758595793;0,679650226;0,41170036;14,74817491;0,729;1;2006;1;712;-47,83574003;-23,04739986;4238,050231
3548500;Santos;SÃO PAULO;SP;Sudeste;Capital Regional C;RMBS;1;419400;0,999251311;433966;434359;0,008571797;281,1;1545,211668;PSDB;PSDB;270;122,66;19265873,5;44478,21785;Serviços;1526,83629;259191;159775;73232;222379;144465;59653;0,02035016;0,041870451;0,214283468;0,924132767;0,865840997;0,808978708;0,853063106;12,22423397;0,84;1;2013;1;300;-46,32098301;-23,95383735;6615,498816
3545159;Saltinho;SÃO PAULO;SP;Sudeste;Centro Local;AUP;0;7059;0,83453747;7818;7919;0,025860059;99,7;79,42828485;PDT;PSDB;5;0;178360,736;23446,92204;Serviços;927,709;4937;3696;533;3686;2750;416;0,060913202;0,050816239;0,042271269;0,783817159;0,772051565;0,749732691;0,34022653;12,96344309;0,791;1;1995;;719;-47,67683207;-22,84512327;5030,183867
3525508;Joanópolis;SÃO PAULO;SP;Sudeste;Centro Local;MR Bragança;1;11768;1;12725;12837;0,019738421;375,1;34,2228739;PT;DEM;7;0;150060,3852;12012,51883;Serviços;761,8448;8731;5597;2393;5581;3590;1499;0,092879228;0,098065415;0,007019455;0,521248649;0,490778097;0,371563688;0,402568939;23,79064235;0,699;0;;;903;-46,2746977;-22,92949111;8167,099371
3522109;Itanhaém;SÃO PAULO;SP;Sudeste;;RMBS;1;87057;0,990638317;96222;97439;0,025339458;599,6;162,5066711;PSDB;PSDB;43;89,2;1306101,449;13939,7781;Serviços;734,45837;38180;24892;10472;21797;13510;6708;0,130006362;0,093169021;0,028677118;0,51969539;0,536320105;0,502303358;0,554094736;17,8990703;0,745;1;2000;1;304;-46,81697295;-24,19168432;10087,99369
3500758;Alambari;SÃO PAULO;SP;Sudeste;Centro Local;RMS;0;4884;0,751842752;5560;5658;0,032939259;159,3;35,51789077;PSDB;PSDB;9;0;67900,00354;12677,37183;Agropecuária;658,808125;2059;1253;618;1143;684;318;0,128701218;0,142121405;0,006521647;0,373767481;0,259658635;0,449611256;0,559297925;54,94505495;0,712;0;;;601;-47,8689504;-23,54899737;4104,160074
3520202;Igaratá;SÃO PAULO;SP;Sudeste;Centro Local;RMVPLN;0;8831;0,7932284;9349;9397;0,014352301;293;32,07167235;PR;PSDB;14;0;144875,1737;15660,48791;Serviços;758,88;5092;3692;1021;3095;2099;734;0,119566386;0,068232868;;0,263448434;0,19573505;0,28522923;0,214330945;32,25459628;0,711;1;2011;1;513;-46,15831467;-23,20720677;3999,658275
3548005;Santo Antônio De Posse;SÃO PAULO;SP;Sudeste;Centro Local;RMC;0;20650;0,912058111;22389;22597;0,02041929;154;146,7337662;PRB;PSD;8;0;687016,5231;31289,1799;Serviços;705,2746667;13545;8642;3158;8919;5581;2133;0,0913912;0,081643772;0,022220414;0,635861135;0,483604471;0,212176129;0,587250288;22,54689755;0,702;1;2006;0;216;-46,94988829;-22,60331771;5532,783698
3551009;São Vicente;SÃO PAULO;SP;Sudeste;;RMBS;1;332445;0,998110966;355542;357989;0,01693402;148,9;2404,224312;PP;PMDB;113;79,08;4386717,469;12516,84895;Serviços;820,485493;129355;68733;51822;92031;49912;36115;0,066085571;0,074893187;0,083505846;0,736972219;0,744420478;0,665714727;0,614725854;14,44595513;0,768;1;1999;0;308;-46,38898082;-23,95769976;6286,508192
3551108;Sarapuí;SÃO PAULO;SP;Sudeste;Centro Local;RMS;1;9027;0,736235737;9836;9936;0,021689122;352,7;28,17125035;PSDB;PMDB;6;0;111397,9279;11570,20439;Serviços;595,6716667;5318;3162;1800;3060;1766;1066;0,123554732;0,11046036;0,015116721;0,256225595;0,202886278;0,441834521;0,303941629;61,63961373;0,707;0;;;622;-47,82713251;-23,6386699;4897,99777
3536802;Pedra Bela;SÃO PAULO;SP;Sudeste;Centro Local;MR Bragança;0;5780;0,249134948;6044;6062;0,011228158;158,6;38,22194199;DEM;PSDB;5;0;63474,66679;10563,26623;Serviços;609,8082353;3536;2185;996;2126;1251;645;0,117992336;0,090786928;0,008304446;0,127725506;0,097490959;0,042323564;0,103236843;33,18400531;0,677;1;2007;;905;-46,44365116;-22,79679609;8231,591824
3525854;Jumirim;SÃO PAULO;SP;Sudeste;Centro Local;RMS;0;2798;0,580057184;3142;3190;0,029412927;56,7;56,26102293;PTB;PMDB;5;0;63924,54248;21013,98504;Indústria;727,5733333;1474;1124;187;998;762;106;0,080842138;0,120229869;0,006862745;0,448846046;0,444061357;0,462822843;0,468899522;97,02457956;0,741;0;;0;613;-47,7923714;-23,08381627;3786,852588
3544004;Rio Das Pedras;SÃO PAULO;SP;Sudeste;Centro Local;AUP;0;29501;0,96817057;32982;33464;0,028276859;226,7;147,6135862;PPS;PSDB;9;0;1129909,766;35329,55305;Serviços;823,5832653;17728;12702;3194;12306;8687;2265;0,078947859;0,07115752;0,028138556;0,846302867;0,796060984;0,795196778;0,553069285;30,7796485;0,759;1;2006;0;718;-47,6036682;-22,84181269;4793,638563
3539103;Pirapora Do Bom Jesus;SÃO PAULO;SP;Sudeste;;RMSP;1;15733;1;17646;17913;0,029102618;108,8;164,6415441;#N/D;#N/D;8;3,1;323919,1471;18952,61524;Serviços;548,29;6672;4532;1461;3973;2660;928;0,112452952;0,095015957;;0,149879271;0,149288115;0,115966225;0,14895587;5,756389592;0,727;1;2004;;125;-47,0032113;-23,39865267;4668,865914